id,name
res_partner_163_bcf78c54,1stBooks Library
res_partner_1404_3c40277b,A'Lelia Bundles
res_partner_1071_22544956,A. C. Crispin
res_partner_692_9a037945,A. C. Gordon
res_partner_1759_32c1dbd3,A. J. Wood
res_partner_500_3c7e700c,A. Manette Ansay
res_partner_421_426859c0,A. S. Byatt
res_partner_1070_08796190,A.C. Crispin
res_partner_435_e1d5c85e,A.S. BYATT
res_partner_701_608db59a,AD HUDLER
res_partner_1203_53032336,AGATHA CHRISTIE
res_partner_383_2a0cf2c7,ALEXANDER MCCALL SMITH
res_partner_1658_1c2f0662,ALEXANDRE DUMAS
res_partner_1030_42dfe008,ALLAN ZOLA KRONZEK
res_partner_2050_c66c811b,ANDREA DI ROBILANT
res_partner_360_632219f4,ANN BRASHARES
res_partner_683_ed38f92e,ANNA QUINDLEN
res_partner_1495_1568af8e,ANNE FRANK
res_partner_1553_bcc0c815,ANNE MCCAFFREY
res_partner_816_0beb8b50,ANNE RICE
res_partner_1838_93285897,ANNE TYLER
res_partner_100_ea96a797,ARTHUR PHILLIPS
res_partner_1592_a24f3067,ARTURO PEREZ-REVERTE
res_partner_1014_0a0a6f6d,Abacus
res_partner_520_e1b3d7e8,Access Press (HarperCollins)
res_partner_173_142731a3,Ace Books
res_partner_2002_04f82e1c,Adam Brate
res_partner_1262_dd7a13ff,Adam Davies
res_partner_64_8edc918c,Adam Lebor
res_partner_1198_f1a18754,Adams Media Corp
res_partner_1677_a49d8c92, Address Withheld (Red Dress Ink (Paperback))
res_partner_768_284da3b3,Adele Lang
res_partner_687_f68aed78,Adeline Yen Mah
res_partner_1965_7eb29dde,Adrian Mitchell
res_partner_1448_474c4892,Adrian Plass
res_partner_1824_e4f7c675,Adriana Trigiani
res_partner_1761_bc1ec407,Advance Publishers LLC
res_partner_1972_001f2a09,Agatha Christie
res_partner_1050_c132105e,Akashic Books
res_partner_744_85d22539,Akiba Rubinstein
res_partner_391_07902e4d,Al Franken
res_partner_91_752e5d32,Aladdin
res_partner_1131_84d783af,Alain Stella
res_partner_1259_f234943a,Alain de Botton
res_partner_937_6aea34cc,Alain-Fournier
res_partner_1041_3cdc88e4,Alan Alexander Milne
res_partner_2048_642face4,Alan Cumming
res_partner_2051_15622610,Alan Epstein
res_partner_445_95aa234e,Alan Moore
res_partner_1036_dc088e32,Alan Spence
res_partner_1756_94de318d,Albert Camus
res_partner_863_0be99964,Albert Whitman &amp
res_partner_1747_43e6b65e,Aldous Huxley
res_partner_155_008448e5,Aleksandr Zinoviev
res_partner_1858_bde0760c,Alessandro Baricco
res_partner_1576_df2b6c25,Alexander McCall Smith
res_partner_942_4255db0d,Alexandra David-NÃƒ?Ã‚Â©el
res_partner_2033_562c551d,"Alfaguara Ediciones, S.A. (Spain)"
res_partner_760_8031d71c,Alfie Kohn
res_partner_108_900a5205,Alfred A. Knopf
res_partner_1293_58889d7c,Alfred H. Kelly
res_partner_1845_e4342a70,Alfred McBride
res_partner_271_4bd70ae6,Alianza
res_partner_1859_96004542,Alice Adams
res_partner_2085_9e691647,Alice Garrard
res_partner_883_f9c633b4,Alice Hoffman
res_partner_1188_209b3f20,Alice McDermott
res_partner_590_854fbabe,Alice Sebold
res_partner_1301_ba4fd063,Alice Walker
res_partner_917_c29a8712,Alisa Kwitney
res_partner_1836_76be6dae,Allen Ginsberg
res_partner_802_c48439f5,Allen Widome
res_partner_447_e10aaca7,Alpha Books
res_partner_1054_e75eff6a,Alyson Books
res_partner_1059_d1528f00,Alyson Publications
res_partner_1944_fadc272e,Amanda McKay
res_partner_1400_2aeb7008,Amanda Scott
res_partner_610_9c74f5c0,Amber-Allen Publishing
res_partner_1143_705dd5e2,Amereon Limited
res_partner_2045_0ffc2859,Amy Ephron
res_partner_1828_d240e103,Amy Hassinger
res_partner_52_a74a6fba,Amy Tan
res_partner_509_c89f5c01,Anagrama
res_partner_1881_b0a990cb,Anatoli Boukreev
res_partner_259_acc62ce7,Anchor
res_partner_1807_8741bde5,Anchor Books/Doubleday
res_partner_1152_7ff45165,Anchor Pub
res_partner_898_e02b13b5, And With a New Introduction by Mike Parker
res_partner_507_811edbc4,Andrea Kane
res_partner_1156_afe6b14c,Andrei Codrescu
res_partner_1126_6fcad4dc,Andrew Clements
res_partner_1098_709b69dc,Andrew L. Johnson
res_partner_1839_7f929799,Andrew M. Greeley
res_partner_2042_142fcc1f,Andrew Pyper
res_partner_180_77f52431,Andrew Scott Publishers
res_partner_702_ba5813cb,Andrews McMeel Publishing
res_partner_2058_0a5b2950,Andy Meisler
res_partner_1029_6a5124d1,Andy Sloss
res_partner_810_e02fb2a9,Angela Elwell Hunt
res_partner_1973_45a1f425,Anita Brookner
res_partner_1977_f0965e89,Anita Daher
res_partner_722_c151974b,Anita Diamant
res_partner_234_33a4cb4a,Anita Shreve
res_partner_1823_f19996b1,Ann B. Ross
res_partner_60_776d1fee,Ann Beattie
res_partner_2017_75da833d,Ann Douglas
res_partner_2098_b65852ef,Ann M. Martin
res_partner_524_583a7bd2,Ann Patchett
res_partner_1581_b08dd591,Ann Rae Jonas
res_partner_1719_ea15a3c4,Ann Rinaldi
res_partner_235_b4589d70,Ann Rule
res_partner_1282_a53ea814,Ann-Marie MacDonald
res_partner_177_04c7b37e,Anna Sewell
res_partner_1176_dba01efd,Anne Dingus
res_partner_503_404c09af,Anne Frank
res_partner_269_3ef6ba59,Anne Frasier
res_partner_1543_ee9915ab,Anne Lamott
res_partner_649_973e5ebc,Anne McCaffrey
res_partner_1407_795ff27f,Anne Morrow Lindbergh
res_partner_382_89bf3b6c,Anne Perry
res_partner_817_97a1d298,Anne Rice
res_partner_122_512af3ac,Anne Rivers Siddons
res_partner_156_bb0b3160,Anne Tyler
res_partner_1426_8eee7e09,Annegrit Arens
res_partner_1505_5d3ae94e,Annette Broadrick
res_partner_1261_c656ac79,Annie Proulx
res_partner_1777_790a01b7,Anonimo
res_partner_1163_823b3e74,Anthony J Alessandra
res_partner_732_7da65c8e,Anthony Trollope
res_partner_567_118e2b4f,Antoine de Saint-ExupÃƒÂ©ry
res_partner_627_6320e2ab,Antoni Serra
res_partner_1357_22b3dc4f,Antonio Albanese
res_partner_840_dbae753a,Apple Signature (Scholastic)
res_partner_326_73bc9aef,Arabella Weir
res_partner_516_9f9f8f45,Arcade Publishing
res_partner_263_1626dccc,Arcadia Books
res_partner_630_98d8ee96,Area
res_partner_1344_7e4dcf90,Ariella Papa
res_partner_1813_d98d8c84,Arlene Eisenberg
res_partner_1994_c76e967b,Arman Danesh
res_partner_821_658760a8,Armistead Maupin
res_partner_1196_cc2e1197,Arnette Lamb
res_partner_1465_b41e71db,Arnold A. Lazarus
res_partner_1378_c9f57e38,Arthur C. Clarke
res_partner_350_b219e820,Arthur Golden
res_partner_541_ca7a2187,Arthur William Upfield
res_partner_608_94791073,Artisan Publishers
res_partner_346_290c9444,Arundhati Roy
res_partner_87_99f24b7c, Ashley Olsen
res_partner_88_bf909248, Ashley Switching Goals (Mary-Kate and Ashley Starring in)
res_partner_1350_dfd3058c,Atheneum
res_partner_182_355a2daa,Atlantic Monthly Press
res_partner_974_c59e3474,Atria
res_partner_780_8f74465f,Atria Books
res_partner_1779_44108ad7,Audio Renaissance
res_partner_55_cf083eb1,Audioworks
res_partner_929_2d468027,Audrey Niffenegger
res_partner_961_c73221c4,Aufbau Taschenbuch Verlag
res_partner_1366_224493ca,Aufbau Tb
res_partner_1397_1dd3dc72,August Wilson
res_partner_1906_28cb58db,Augusten Burroughs
res_partner_1941_0f6e3d9b,Authors Choice Press
res_partner_1280_ddacace1,AuthorsOmniscient Publishers
res_partner_115_120e5c1c,Avon
res_partner_142_90677d36,Avon Books
res_partner_165_05dcdcfd,Avon Trade
res_partner_1561_b6fd4408,Award Publications
res_partner_1655_3d889141,Ayn Rand
res_partner_1298_b105e6e1,B Kliban
res_partner_1620_89c8cf02,B. K. S. Iyengar
res_partner_1825_1fc19678,BEBE MOORE CAMPBELL
res_partner_1910_2861efd6,BELVA PLAIN
res_partner_1440_207b46d9,BJ James
res_partner_204_e16b9d7e,Back Bay Books
res_partner_1586_b7e76877,Baen
res_partner_551_2668f19a,Baker Book House
res_partner_1356_cb7208bc,Baldini&amp
res_partner_95_d09825bf,Ballantine Books
res_partner_1580_7ab72864,Banana Yoshimoto
res_partner_117_11f3c834,Bantam
res_partner_123_7cfa7dcf,Bantam Books
res_partner_1266_1ed79500,Bantam Classics
res_partner_355_4c50069b,Bantam Dell Pub Group
res_partner_653_5b0c9e97,Bantam Dell Publishing Group
res_partner_194_b9e5778b,Bantam Doubleday Dell
res_partner_1481_62e591a2,Barbara Ann Kipfer
res_partner_1827_86aac9e1,Barbara Corcoran
res_partner_538_50b50251,Barbara Delinsky
res_partner_1734_f11e4be4,Barbara Dolan
res_partner_689_8e0ddf1f,Barbara Ehrenreich
res_partner_1425_a767f68b,Barbara Erskine
res_partner_114_29338ef6,Barbara Kingsolver
res_partner_252_c2757c84,Barbara Metzger
res_partner_1241_2fd4d125,Barbara Michaels
res_partner_828_5f6ac00e,Barbara Taylor Bradford
res_partner_286_16758526,Barbara Vine
res_partner_1533_283a8c1a,Bari Wood
res_partner_1302_b47bcd78,Barnes Noble Books
res_partner_1034_ceecc832, Barnum's digest 
res_partner_1765_eb42f24d,Barron's Educational Series
res_partner_505_1bd82263,Barry Lopez
res_partner_558_91489838,Barry Neil Kaufman
res_partner_1692_822af647,Basic Books
res_partner_920_88599766,Beacon Press
res_partner_1739_00158edc,Beatrice Sparks
res_partner_1885_4ba55fde,Beaver's Pond Press
res_partner_1837_7c2fb68d,Bedford Books
res_partner_1414_fe17e06b,Belle Yang
res_partner_1457_cf813df4,Beltz
res_partner_356_62ff3708,Belva Plain
res_partner_1797_1ddf9be3,Ben Elton
res_partner_245_806196c5,Ben Mezrich
res_partner_168_b68660da,Benjamin Hoff
res_partner_1479_78e50d7c,Berke Breathed
res_partner_1381_70244dd9,Berkley Pub Group
res_partner_53_51d4fd78,Berkley Publishing Group
res_partner_406_bbb4e6be,Bernard Cornwell
res_partner_578_78ddb380,Bernard King
res_partner_1027_4baf3577,Bernard Werber
res_partner_969_6490bd4f,Bernhard Schlink
res_partner_343_9d00a909,"Bertelsmann, MÃƒ?Ã‚Â¼nchen"
res_partner_1735_9dd3fed7,Bet Books
res_partner_880_d70ff5e6,Betsy Byars
res_partner_1732_075cbddc,Betty Neels
res_partner_292_5bf16340,Betty Smith
res_partner_839_32d0a443,Beverly Cleary
res_partner_1226_7933b14a,Beverly Hastings
res_partner_1974_e72bd061,Beverly Jenkins
res_partner_609_8a1e422e,Bill Bradley
res_partner_1396_d62691ff,Bill Brittain
res_partner_1551_b269969a,Bill Bryson
res_partner_1960_9515815c,Bill Cosby
res_partner_247_d94dd160,Bill Hand
res_partner_1849_60f7eaef,Bill Watterson
res_partner_918_24817280,Billie Letts
res_partner_766_cf7b53a3,Billie Livingston
res_partner_1470_86b194e3,Biting Dog Publications
res_partner_1953_fbe2b189,Black Classic Press
res_partner_2018_69df113a,Black Dog &amp
res_partner_1271_5dc44178,Black Sparrow Books
res_partner_1235_5ec7d658,Blanche Fisher Wright
res_partner_893_f1b7cb97,Bliss Broyard
res_partner_1005_26c26b11,Bloomsbury Pub Ltd
res_partner_1042_e30c5221,Bloomsbury Publishing PLC
res_partner_1629_125f5b3e,Bob Jones Univ Pr
res_partner_2003_541b6374,Bob Levis
res_partner_1330_613da137,Bob Shacochis
res_partner_560_34a60dc5,Bob Sjogren
res_partner_528_0968a9d5,Bob Thiele
res_partner_789_42babd21,Bobbie Ann Mason
res_partner_850_9a2baed0,Bobbie Kalman
res_partner_1572_863454d9,Bodie Thoene
res_partner_1002_bc858dc3,Boris Vian
res_partner_788_7a6ea066,Bradley Warshauer
res_partner_451_2aab5595,Brady Udall
res_partner_1144_ac21a963,Bram Stoker
res_partner_1544_5e4e1681,Bret Lott
res_partner_1782_e74dffde,Brian Herbert
res_partner_477_6c28ed11,Brian Kaufman
res_partner_1605_6f26c36e,Brian O'Leary
res_partner_1608_a1381702,Bridge Publications
res_partner_1868_21b177d4,Bridge Pubns
res_partner_71_cde626f3,Brilliance Audio - Trade
res_partner_1445_61aeea33,British Film Institute
res_partner_1852_1a791f5e,Broadman &amp
res_partner_870_8114a7e6,Broadway
res_partner_547_8af4340f,Broadway Books
res_partner_1028_6807139a,Brockhampton Press
res_partner_1822_eca13c2d,Brooke Stevens
res_partner_1499_0175ddbc,Bruce Catton
res_partner_1588_a3498016,Bruce Coville
res_partner_1172_7efead7a,Bruce Fries
res_partner_881_1219c36b,Bruce Sterling
res_partner_1279_d6a5b28d,Bruce Wilkinson
res_partner_1513_7e9ba520,Bryn Chandler
res_partner_1893_97bc6669,Btb Bei Goldmann
res_partner_1394_0004d3af,Bull Publishing Company
res_partner_1955_fef6f270,Burton Raffel
res_partner_1255_b3d519de,Buy Books on the web.com
res_partner_1783_9bd8fbbb,C. A. Stephens
res_partner_944_14513967,C. Baudelaire
res_partner_1033_b4964db1,C. Borgois
res_partner_811_611fafff,C. S. Lewis
res_partner_98_b710949e,C.S. Lewis
res_partner_1643_33ee4361,CALVIN TRILLIN
res_partner_1246_4aa8182d,CARL HIAASEN
res_partner_856_4d62bdf0,CHARLES FRAZIER
res_partner_2007_18297f5b,CHERIE CARTER-SCOTT
res_partner_1930_b5a6850d,CHRIS BOHJALIAN
res_partner_1469_9082fe35,CHUCK PALAHNIUK
res_partner_1353_1de75955,CLARE NAYLOR
res_partner_1904_bf562421,Caleb Carr
res_partner_1140_f4ecb86d,Cambridge University Press
res_partner_1488_1308f5c6,Camille Paglia
res_partner_798_509dfa33,Candace Bushnell
res_partner_665_c4848648,Candice F. Ransom
res_partner_1345_a79d691d,Candlewick Press (MA)
res_partner_1035_2e356ae4,Canongate Books Ltd
res_partner_1945_b7981b72,Carl Djerassi
res_partner_1183_5fa4b3b7,Carl Hausman
res_partner_775_eab3cb57,Carl Hiaasen
res_partner_154_5c44cd8c,Carl Sagan
res_partner_46_001dea81,Carlo D'Este
res_partner_636_1e6f9479,Carmen Rico-Godoy
res_partner_1056_7a03b8df,Carol Anshaw
res_partner_1647_bd439768,Carol Emshwiller
res_partner_2041_3ba37ea9,Carol Higgins Clark
res_partner_353_a594b754,Carol J. Farley
res_partner_1150_c756f6b9,Carol Matthews
res_partner_1115_cc12e5ae,Carol Ryrie Brink
res_partner_1415_fa7d8aa6,Carol Shields
res_partner_1438_d07d8b7d,Carole Halston
res_partner_1151_0ab3015d,Carole Matthews
res_partner_1248_1a449609,Carole Nelson Douglas
res_partner_1120_7fb2327d,Carolee Brockmann
res_partner_1076_91539147,Carolyn Chute
res_partner_1508_14aed665,Carolyn Keene
res_partner_1369_c306981f,Carolyn See
res_partner_1768_7555635d,Carolyn Wheat
res_partner_1158_dbad6a40,Carolyne Aarsen
res_partner_1683_b8a44b63,Carrie Alexander
res_partner_661_6974602f,Carrie Bebris
res_partner_570_17395eb1,Castle Books
res_partner_1901_9e54cb9f,Catherine Clement
res_partner_770_f426328e,Catherine Coulter
res_partner_1843_4657b2b2,Catholic Church
res_partner_1673_c8a674fa,Cathy Cash Spellman
res_partner_1222_fa2f046c,Cathy Gillen Thacker
res_partner_1037_dfb6b5bf,Celestial Arts
res_partner_84_5e2acea4,Celia Brooks Brown
res_partner_931_4becbed1,Chaim Potok
res_partner_140_5620abad,Chambers Harrap Publishers Ltd
res_partner_1272_f394af89,Charles Bukowski
res_partner_430_a5e6a3fd,Charles Dickens
res_partner_242_664595b5,Charles Hickey
res_partner_1031_8b234c37,Charles L. Squire
res_partner_164_64bbcabc,Charles Noland
res_partner_1165_97a3d062,Charles R. Swindoll
res_partner_2065_479d83bf,Charles Sheffield
res_partner_1313_494c33fc,Charles Sullivan
res_partner_895_d4dcafb9,Charles Webb
res_partner_408_f843c7ad,Charles de Lint
res_partner_106_6a48dbe6,Charlotte Link
res_partner_1294_6821ad44,Chatto &amp
res_partner_954_46309e62,Cheryl Benard
res_partner_583_37d9f6ea,Cheryl St. John
res_partner_877_1a2be163,Childrens Press
res_partner_1049_634b5e4f,Chris Anne Wolfe
res_partner_1602_6f279438,Chris Wooding
res_partner_956_c8ace089,Christa Wichterich
res_partner_1371_1474acad,Christa Wolf
res_partner_1934_d4b88fd4,Christian Jacq
res_partner_1925_a8d7ec0b,Christina Lamb
res_partner_960_c4b5bec9,Christine Obbo
res_partner_1439_c8966d31,Christine Rimmer
res_partner_1367_7786d321,Christoph Hein
res_partner_1403_2cf5bedc,Christopher Catling
res_partner_855_217a3414,Christopher Finch
res_partner_708_62d39efd,Christopher Moore
res_partner_544_300923a2,Christopher Rice
res_partner_2049_539ccece,Christopher Russo
res_partner_1375_9939a818,Christopher Weidner
res_partner_1793_61476cab,Chronicle Books Llc
res_partner_2004_d10b70f9,Chrysalis Books
res_partner_146_bc17436a,Chuck Hill
res_partner_2094_fc935064,Chuck Logan
res_partner_1260_5a7a5738,Chuck Palahniuk
res_partner_63_9d030c77,Citadel Press
res_partner_1835_fda4624e,City Lights Publishers
res_partner_1466_7d5b7b4d,Clarissa Pinkola Estes
res_partner_1712_ad08c9cc,Clarkson N Potter Publishers
res_partner_999_10a53d7c,Claude Lanzmann
res_partner_1462_498aa211,Claudia Keller
res_partner_1429_9b547e58,Claudia von Zglinicki
res_partner_1240_ae237839, Clay
res_partner_1501_b811e02b,Clement Eaton
res_partner_1336_b745b3b8,Clifford Stoll
res_partner_772_300d60f7,Clive Cussler
res_partner_2093_5785c07a,Clive James
res_partner_832_db903692,Cokie Roberts
res_partner_1671_ce2deaee,Colleccion Millenium
res_partner_951_2fead83a,Collectif
res_partner_529_ae6d54a6,Colleen McCullough
res_partner_1902_e789ad4f,Colm Toibin
res_partner_1715_3a819994,Columbia University Press
res_partner_492_6c93db21,Columna
res_partner_1776_2528622b,Continental Book Company
res_partner_1855_196cd6aa,Corinne T. Netzer
res_partner_992_3be390af,Cormac McCarthy
res_partner_1485_31927d58,Cornelia Funke
res_partner_662_03bfd3e3,Cornell University Press
res_partner_1571_bca4eabc,Corrie Ten Boom
res_partner_2010_86d1fbcf,Courtland L. Bovee
res_partner_740_ab29e234,Cowley Publications
res_partner_849_f34e8478,Crabtree Publishing Company
res_partner_847_fcccea05,Craig Boldman
res_partner_1927_5ce42f1e,Crichton Michael
res_partner_1066_f419eaf7,Crimeline
res_partner_971_54aae31e,Crown
res_partner_574_d3ce5b52, Cunningham
res_partner_293_b3a6e976,Cybill Shepherd
res_partner_85_388a4b49,Cypress House
res_partner_1228_69f2609d,Cyrano de Bergerac
res_partner_739_de4a72b3,Czeslaw Milosz
res_partner_1770_ff2b9b70,DAN SIMMONS
res_partner_249_39a0f487,DANA REEVE
res_partner_1195_b36c130a,DANIELLE STEEL
res_partner_481_2e7b3598,DAVID EDDINGS
res_partner_193_372b0f71,DAVID FRUM
res_partner_1270_8eaeb9e8,DAVID MITCHELL
res_partner_873_fede3a3b,DAVID SCHICKLER
res_partner_444_0840f0b2,DC Comics
res_partner_685_57de591a,DEAN KOONTZ
res_partner_1324_6fa8101b,DIANA GABALDON
res_partner_796_01b79656,DIANE MOTT DAVIDSON
res_partner_392_ca27f38b,DONNA TARTT
res_partner_690_b916e278,DOROTHY DUNNETT
res_partner_1289_7dd0cf1f,DR SEUSS
res_partner_1335_e3bf20d3,Dale Carnegie
res_partner_1898_d12333eb,Dale Cooper
res_partner_1886_2cff6a36,Dale L. Anderson
res_partner_230_2584aae7,Dan Brown
res_partner_1598_044b3fcd,Dan Millman
res_partner_190_e0b4c8e5,Dan Quayle
res_partner_1975_bfc6b4bc,Daniel Hecht
res_partner_782_df407215,Danielle Steel
res_partner_275_51f0ffbf,Daphne Du Maurier
res_partner_1022_2ba107f3,Dargaud
res_partner_446_6fea8675,Dark Horse Comics
res_partner_1443_766f5b86,Darrell Scott
res_partner_2091_349496ef,Dav Pilkey
res_partner_485_7f5bfcac,Dave Barry
res_partner_1723_61b7aa27,Dave Duncan
res_partner_1691_c7c1c829,Dave Eggers
res_partner_62_76f29648,David Adams Richards
res_partner_575_d800324c,David Allen Hulse
res_partner_295_0fabb291,David Baldacci
res_partner_461_38a89a98,David Brin
res_partner_58_9173231d,David Cordingly
res_partner_1017_c5ac3cc5,David Crombie
res_partner_1909_f3fb97e7,David Eddings
res_partner_888_fa591ab3,David Feldman
res_partner_2090_44c34010,David Foster Wallace
res_partner_2012_85c39980,David Freemantle
res_partner_484_9fedf0cf,David G. Hartwell
res_partner_1819_97807a55,David Gardner
res_partner_650_644a6ad2,David Gemmell
res_partner_968_6f2891d3,David Guterson
res_partner_148_2df37a14,David Iglehart
res_partner_764_39c6eba4,David Lewis
res_partner_1009_1a20388f,David Lodge
res_partner_1364_c49f57b9,David M. Gitlitz
res_partner_225_28cb0c2d,David Morrell
res_partner_1045_74a52855,David Sedaris
res_partner_758_411a9138,David Steinman
res_partner_901_c5396e35,David Whyte
res_partner_1546_e9f3d9d5,Daw Books
res_partner_1348_7869a513,Dawn Chipman
res_partner_1936_e6d6eca5,Dean Devlin
res_partner_127_99ef64ca,Dean Koontz
res_partner_1937_5d4fb5bc,Dean Marney
res_partner_124_77bab5c6,Dean R. Koontz
res_partner_1686_9beaa9c5,Deborah Laake
res_partner_1061_6c9cdec7,Deborah McDowell
res_partner_1685_5870a00a,Debra Salonen
res_partner_161_8b85aca2,Deepak Chopra
res_partner_480_9a76b94f,Del Rey
res_partner_311_fe6fb4a3,Del Rey Books
res_partner_1094_0d022b85,Del Sol Press
res_partner_359_c5873f78,Delacorte Books for Young Readers
res_partner_496_3a04eb88,Delacorte Press
res_partner_77_b36bb76e,Dell
res_partner_453_7711f0c5,Dell Publishing Company
res_partner_1209_441145e8,Della Rowland
res_partner_279_b865d932,Delta
res_partner_393_cd41e2fa,Delta Systems
res_partner_231_4ebb3bf3, Demons
res_partner_377_62ad35a8, Demons
res_partner_1435_191cbf6c,Dennis L. McKiernan
res_partner_1817_c64b2ebd,Dennis Rainey
res_partner_1744_9f1091ff,DenoÃƒ?Ã‚Â«l
res_partner_905_fa97ffad,Desmond Mpilo Tutu
res_partner_614_bd067918,Destino
res_partner_1370_58cac705,Deutscher Taschenbuch Verlag
res_partner_323_3d75ddcc,Deutscher Taschenbuch Verlag (DTV)
res_partner_651_e2601e3b,Dial Books
res_partner_1236_614e2971,Diamond Books (NY)
res_partner_1949_cf4d7fed,Diamond Communications
res_partner_1830_c3c551ff,Diana Palmer
res_partner_1664_adca327c,Diane Ackerman
res_partner_1118_23e21ad5,Diane Duane
res_partner_684_8541cf59,Diane Johnson
res_partner_1626_4998f60b,Diane Muldrow
res_partner_2084_98be3de2,Diane Wolkstein
res_partner_1746_4de09c7c,Dick
res_partner_534_e55c89e2,Dick Francis
res_partner_845_d4bca4ee,Dinah L. Moche
res_partner_317_ffd4bc64,Diogenes
res_partner_319_edc36131,Diogenes Verlag
res_partner_1423_bc68ebc9,"Diogenes Verlag, ZÃƒ?Ã‚Â¼rich"
res_partner_1762_18ff0924,Disney Enterprises Inc
res_partner_200_25510367,Distribooks
res_partner_321_2acfdcc7,Distribooks Inc
res_partner_1861_26563541,Distribooks Int'l+inc
res_partner_1548_34556abc,Distributors
res_partner_1864_45b5e6e5, Dixon
res_partner_1809_2438b3a4,Dodie Smith
res_partner_586_734bcfb0,Dog Mary Crow
res_partner_120_9fbd329d,Dolores Krieger
res_partner_771_c9302c57,Dominick Dunne
res_partner_1305_9d86094f,Don DeLillo
res_partner_1957_93cdf974,Don Lassiter
res_partner_611_d3751b64,Don Miguel Ruiz
res_partner_1966_a65235d7,Donald A. Davis
res_partner_1875_2a851946,Donald A. Mackenzie
res_partner_1998_3b9f44e4,Donald Beman
res_partner_192_215df8d3,Donald F. Kettl
res_partner_1180_d168fc07,Donald Merriam Allen
res_partner_1531_4019d27a,Donna Fletcher
res_partner_419_632e06c2,Donna Jo Napoli
res_partner_670_af1dadf9,Donna K Grosvenor
res_partner_2031_fc1c8844,Donna Tartt
res_partner_1912_c4dcca49,Donna Woolfolk Cross
res_partner_1700_358ab004,Dora Levy Mossanen
res_partner_1870_fe85470c,Doris Pilkington
res_partner_1971_f28fb881,Dorothea Benton Frank
res_partner_596_ce774452,Dorothy Allison
res_partner_1659_604c681e,Dorothy Garlock
res_partner_852_e5e26158,Dorothy Gilman
res_partner_1405_c192334a,Dorothy L. Sayers
res_partner_1578_3bb4a409,Dorothy Reynolds Miller
res_partner_1618_90f22427,Dorothy Sterling
res_partner_357_8385a61c,Doubleday
res_partner_207_433c48dc,Doubleday Books
res_partner_1811_66d97965,Doug  Lowe
res_partner_296_918acc3b,Douglas Adams
res_partner_512_61203dcc,Douglas Gibson Books
res_partner_1743_27b227c7,Douglas Kennedy
res_partner_1666_11196a31,Douglas Preston
res_partner_303_73ae6725,Dover Publications
res_partner_273_6b4fb253,Downtown Book Center
res_partner_442_2d1857b7,Dreamhaven Books
res_partner_1682_72d21b6e,Drew Barrymore
res_partner_327_d0f45c22,"Droemersche Verlagsanstalt Th. Knaur Nachf., GmbH &amp; Co."
res_partner_324_1d106459,Dtv
res_partner_390_92362172,Dutton Books
res_partner_1585_6a41a0e8,Dyanne Gibson
res_partner_398_1fd41a76,E. B. White
res_partner_50_ef3684da,E. J. W. Barber
res_partner_1108_18cb7fa5,E. L. Doctorow
res_partner_814_9e925d2d,E. LYNN HARRIS
res_partner_1039_43d58bbd,E.H. Shepard
res_partner_513_cef9561c,EDNA BARKER
res_partner_594_7ea1eaba,EDWARD RUTHERFURD
res_partner_1214_18d1d771,EMILY BRONTE
res_partner_1595_ad766f4d,ERIK LARSON
res_partner_1758_9e58f236, Early Books)
res_partner_1453_148db87b,Ecco
res_partner_738_65396fec,Ecco Press
res_partner_1748_70e3db91,Edgar Allan Poe
res_partner_644_d2c5611a,Ediciones B
res_partner_2035_7dd88ea2,Ediciones Lengua de Trapo
res_partner_635_03389d92,Ediciones Temas de Hoy
res_partner_618_30cd8c5d,Edicions 62
res_partner_626_f53f81b7,Edicions de la Magrana
res_partner_250_9692a01f,Edicoes Asa
res_partner_801_ece7ae6b,Editech Pr
res_partner_1650_41ef2ff4,Edith Konecky
res_partner_598_d9132344,Edith Wharton
res_partner_621_0339399f,"Editiones B, Grupo Zeta"
res_partner_1474_3aa2cd1f,Editions 10/18
res_partner_502_39f6fe41,"Editores Mexicanos Unidos, S.A."
res_partner_628_f05a4595,Editorial EmpÃƒÂºries
res_partner_625_e31d340e,Editorial Laia
res_partner_748_32374d65,Edizioni E/O
res_partner_1690_f9e685b0,Eduardo Duran
res_partner_409_b8cfff71,Edward John Moreton Drax Plunkett Dunsany
res_partner_1590_4f3c7ac6,Edwidge Danticat
res_partner_1874_7124bfd4,Edwina Currie
res_partner_440_bc980ccc,Egmont Childrens Books
res_partner_1615_afca5d47,Eichborn
res_partner_1193_da915ec4,Eileen Goudge
res_partner_717_f3d7b48b,Eileen Yin-Fei Lo
res_partner_1105_2c253875,Einaudi
res_partner_2064_cb362c0f,Elaine Weinmann
res_partner_105_cb0c6bf3,Eleanor Cooney
res_partner_622_049506bf,Elena Castedo
res_partner_749_f51238ab,Elena Ferrante
res_partner_1534_adecde14,Elephant Paperbacks
res_partner_927_18b390ce,Elisabeth Robinson
res_partner_1515_220a1f28,Eliza Osborne
res_partner_363_a8edfe42,Elizabeth Adler
res_partner_896_4adfe289,Elizabeth Benedict
res_partner_720_a63ad401,Elizabeth Gaskell
res_partner_1362_5efef0be,Elizabeth Laird
res_partner_1212_8153c091,Elizabeth Peters
res_partner_1044_ceec85cb,Elizabeth Strout
res_partner_607_ea062cf4,Elizabeth Wurtzel
res_partner_663_1105a4ea,Ellen Carol Dubois
res_partner_434_8b8b3321,Ellen Datlow
res_partner_677_00b5e14c,Ellen Gilchrist
res_partner_1138_498253bb,Ellen Rimbauer
res_partner_1395_f8eb8304,Ellyn Satter
res_partner_712_9b7baffa,Elmore Leonard
res_partner_61_e76c5d65,Emblem Editions
res_partner_947_ddb7761e,Emile Zola
res_partner_1257_cafebe82,Emily Bronte
res_partner_693_319dae16,Emily Dickinson
res_partner_1995_be95ed4a,Emma Callery
res_partner_1060_edcfa34e,Emma Donoghue
res_partner_792_6685b7ce,Emma Lathen
res_partner_745_9158b57b,Emma McLaughlin
res_partner_563_848c1ab1,Emmaus Road Intl
res_partner_441_cb887f84,Enid Blyton
res_partner_1788_e72a76c3,Enos A. Mills
res_partner_483_f8f6ea01,Eos
res_partner_1263_7279d031,Epicenter Press
res_partner_970_3a309149,Eric Jerome Dickey
res_partner_867_18901293,Eric Schlosser
res_partner_1043_91247677,Eric Thompson
res_partner_1493_4b43d022,Eric Van Lustbader
res_partner_1829_d7abf5e5,Erica Jong
res_partner_938_22740e52,Erich Maria Remarque
res_partner_361_72cab422,Erich Segal
res_partner_1104_c19a347e,Erma Bombeck
res_partner_914_8755ca2d,Ernest Hemingway
res_partner_1542_08d61280,Ernest J. Gaines
res_partner_1530_a5f7b26e,Ernst W. Heine
res_partner_615_cca06467,Eugeni Perea SimÃƒÂ³n
res_partner_1728_e9d9c934,Eva Heller
res_partner_1421_556045cc,Everyman Paperback Classics
res_partner_978_68b53477,Everyman's Library
res_partner_2071_06e3d252, Everything You Need to Know About Retirement Housing
res_partner_1607_e5f48da0,F. David Peat
res_partner_549_b4157f60,F. H. Revell
res_partner_1463_a1261463,F. Paul Wilson
res_partner_561_4005610e,F.J. Moody
res_partner_1672_c1e25916,F.Scott Fitzgerald
res_partner_1284_fad2507c,FERN MICHAELS
res_partner_871_c209dfd1,FRANCES KUFFEL
res_partner_746_f7d141fc,Fabbri - RCS Libri
res_partner_1441_cabd70a0,Faber &amp
res_partner_1012_ae7c0683,Faber Children's Books
res_partner_432_ce48c474,Faber Faber Inc
res_partner_2028_1dbf77c1,Fair Winds Press
res_partner_859_0c564932,Fannie Flagg
res_partner_449_0441ef5d,Farrar Straus &amp
res_partner_47_173c80f2,Farrar Straus Giroux
res_partner_2053_ab9f416a,"Farrar, Straus and Giroux"
res_partner_593_ebd0fe27,Fawcett
res_partner_267_48600c35,Fawcett Books
res_partner_325_9e6f95cb,Fay Weldon
res_partner_793_bfad1881,Faye Kellerman
res_partner_2052_fc0d5fe5,Federico Andahazi
res_partner_910_afe15e8a,Feltrinelli
res_partner_1649_a3acd96c,Feminist Press
res_partner_2019_8bdc06f0,Fergus Kelly
res_partner_1101_bf1bd820,Ferguson Publishing Company
res_partner_879_2b2a26d1,Fern Michaels
res_partner_2034_8337fdc6,Fernando Iwasaki Cauti
res_partner_633_100cc855,Ferran Torrent
res_partner_2011_250abb68,Financial Times/Prentice Hall
res_partner_1046_f129b523,Firebrand Books
res_partner_119_f508b6c6,Fireside
res_partner_344_7b61b0b4,"Fischer (Tb.), Frankfurt"
res_partner_518_12949730,Fischer Taschenbuch Verlag GmbH
res_partner_2021_c65bb7aa,Flamingo
res_partner_1130_a7372f0a,Flammarion
res_partner_1963_39ea0edf,Flannery O'Connor
res_partner_589_9d2d9ece,Florence King
res_partner_1402_7268b568,Fodor's
res_partner_1810_8d5ef2ce,For Dummies
res_partner_1385_9cb200e3,Forge
res_partner_1247_9c9a05b8,Forge Books
res_partner_1522_8616db6e,Forrest Carter
res_partner_1155_e9e54c17,Four Walls Eight Windows
res_partner_1275_53296cb1,Frances Hodgson  Burnett
res_partner_1619_6d38ce7b,Frances Hodgson Burnett
res_partner_2040_e9384d3a,Francesca Lia Block
res_partner_777_6d077bbe,Francesca Marciano
res_partner_374_bc6229f2,Francine Hughes
res_partner_705_724ed396,Francis Wheen
res_partner_2076_c4f9c727,Frank Decaro
res_partner_1216_cc08a262,Frank E. Peretti
res_partner_488_c62dd697,Frank M. Robinson
res_partner_376_2ce232e4,Frank McCourt
res_partner_1451_ffcd821c,Frank Mccourt
res_partner_1111_b10d0ab9,Frank Waters
res_partner_304_6691514c,Franklin W. Dixon
res_partner_1635_b22c88a6,Fred Saberhagen
res_partner_1860_c8ca3842,Frederick Buechner
res_partner_562_e0970ad1,Frederick J. Moody
res_partner_1080_c78bdec7,Frederik Pohl
res_partner_244_c57de745,Free Press
res_partner_1475_ebb79a7a,G. B. Trudeau
res_partner_1166_9c569249,G. P. Putnam's Sons
res_partner_1550_e69e5158,G. P. Taylor
res_partner_253_62106364,Gabriel Garcia Marquez
res_partner_1368_dedd2a60,Gaby Hauptmann
res_partner_1053_191b7449,Gael Baudino
res_partner_869_43ff2734,Gail Carson Levine
res_partner_1938_f6a20214,Galahad
res_partner_152_ce16a883,Gallimard
res_partner_940_2b24e079,Gallimard French
res_partner_1478_56493680,Garrison Keillor
res_partner_1816_d5769ddf,Gary Ezzo
res_partner_1476_c7a27e54,Gary Larson
res_partner_1340_be1f95fe,Gary Paulsen
res_partner_1292_b9efd921,Gary Zukav
res_partner_2024_a5409817,Gaston Leroux
res_partner_1731_7fa510bb,Genell Dellin
res_partner_2022_28e369a1,Geoff Ryman
res_partner_1497_ad363801,Georg Feverstein
res_partner_1237_f82b4c31,George Gately
res_partner_429_3fd63125,George Orwell
res_partner_1483_f58e50a4,George Stephanopoulos
res_partner_411_1cf2c0fb,Georgette Heyer
res_partner_724_9450bcae,Gerald Stern
res_partner_864_91e42399,Gertrude Chandler Warner
res_partner_911_9e855b86,Gianfranco Bettin
res_partner_1319_59e03788,Gill Farrer-Halls
res_partner_1987_55b52b62,Gilles Deleuze
res_partner_48_406e6bb1,Gina Bari Kolata
res_partner_1347_2b0c0344,Girl Press
res_partner_223_7729d495,Glendon Swarthout
res_partner_603_0ed94160,Globe Pequot Pr
res_partner_1750_781eecdc,GlÃƒ?Ã‚Â©nat
res_partner_844_2eb2f30c,Golden Books
res_partner_835_7971619c,Golden Books Publishing Company
res_partner_519_e0aa7468,Golding
res_partner_104_60a01313,Goldmann
res_partner_1562_6096578a,Gollancz
res_partner_1978_f9f85fca,Good News Pub
res_partner_1032_eb5fc44a,Gordon Jarvie
res_partner_1630_8adae7db,Grace Colling
res_partner_1674_6546586c,Grace Slick
res_partner_2023_12a4f887,Graham Greene
res_partner_1951_5becbec4,"Graham, Billy Evangelistic Association"
res_partner_1899_ffa2fbe5,Graywolf Press
res_partner_1524_4263822e,Greg Bear
res_partner_506_fb724b62,Greg Palast
res_partner_385_f68461ec,Gregory Maguire
res_partner_1919_a4184109,Grierson
res_partner_890_d28b18d2,Griffin Trade Paperback
res_partner_2081_5ebc93a0,Grosset &amp
res_partner_797_352949e8,Grove Press
res_partner_2000_6011c733,Guinness Media Inc.
res_partner_1999_c9de4553,Guinness Records
res_partner_1175_d386d76e,Gulf Publishing Company
res_partner_1740_8859437b,Gustav Lubbe Verlag GmbH
res_partner_1983_2f63b002,Guy De Maupassant
res_partner_926_b6b4e98b,Gwyn Hyman Rubio
res_partner_848_11ed21f8,H. G. Wells
res_partner_172_d9353da2,H. Jackson Brown
res_partner_310_48d143e4,H. Norman Wright
res_partner_1376_a3442a39,H. P. Lovecraft
res_partner_1597_c956722d,H.J. Kramer
res_partner_1361_c4d1eb71,Ha Jin
res_partner_464_86f20659,Hackett Pub Co Inc
res_partner_1295_5e46c7f7,Hackett Publishing Company
res_partner_639_6649cf21,Hal Leonard Corp
res_partner_1392_4fbd5707,Hank Whittemore
res_partner_1427_741cfd68,Hans Joachim Alpers
res_partner_141_7e1f2178,Hans Johannes Hoefer
res_partner_1333_2c26166d,Hanser
res_partner_1992_7f9689df,Harald Schmidt
res_partner_386_851b405c,Harcourt
res_partner_1363_6f20efad,Harlan Ellison
res_partner_410_a326b715,Harlequin
res_partner_982_8e4125a6,Harmony
res_partner_1961_0db92fa7,Harper &amp
res_partner_577_945a6512,Harper Collins - UK
res_partner_111_61749b31,Harper Lee
res_partner_924_ca6a79fc,Harper Mass Market Paperbacks
res_partner_237_bdc4bd28,Harper Mass Market Paperbacks (Mm)
res_partner_396_74e9336e,HarperCollins
res_partner_136_508e63f5,HarperCollins Publishers
res_partner_1935_3f3112ed,HarperEntertainment
res_partner_397_68bdea9d,HarperFestival
res_partner_43_ad1f670e,HarperFlamingo Canada
res_partner_45_5bc32e2c,HarperPerennial
res_partner_401_1382872a,HarperPrism
res_partner_521_fd1bf7c5,HarperReference
res_partner_912_d093ba12,HarperSanFrancisco
res_partner_402_70ac06c3,HarperTempest
res_partner_121_9d468f87,HarperTorch
res_partner_673_93c29341,HarperTrophy
res_partner_113_6edb4708,Harpercollins
res_partner_472_414473a5,Harpercollins Juvenile Books
res_partner_1210_fead0510,Harpercollins Library
res_partner_291_e6b755e0,Harpercollins Publisher
res_partner_1450_46a8384b,Harpercollins Uk
res_partner_733_e0e27d3e,Harry Kemelman
res_partner_1264_9c0b1560,Harry M. Walker
res_partner_1312_16139a2a,Harry N Abrams
res_partner_1273_6c190d6f,Haruki Murakami
res_partner_752_1efca209,Harvard University Press
res_partner_138_956d5b42,Harvest Books
res_partner_1790_35a408dd,Harvill Press
res_partner_1815_11dd8bce,Hawks Flight &amp
res_partner_695_3845b383,Hazel Harrison
res_partner_69_b1a13b30,Health Communications
res_partner_1234_0c0d33d2,Helen Brooks
res_partner_302_872db55a,Helen Fielding
res_partner_1208_e8054d94,Helen Myers
res_partner_1038_fc5c6e14,Helene Siegel
res_partner_1921_7e6af576,Helene Wiggin
res_partner_822_d0a8023f,Henry Holt &amp
res_partner_728_1906c7a6,Henry James
res_partner_900_9bd69c23,Henry Miller
res_partner_1393_ba36cfc8, Her Search-And-Rescue Dogs
res_partner_963_c04ab733,Hera Lind
res_partner_1428_e595fdae,Hermann Hesse
res_partner_1693_1d7b4ab9,Hernando De Soto
res_partner_329_20a6cc2e,Heyne
res_partner_1189_28e9b001,Hilary Bailey
res_partner_1146_5eae8112,Hill &amp
res_partner_1840_a4429a0a,Hobblebush Books
res_partner_184_8204fd44,Hodder &amp
res_partner_308_05a8604f,Holly Virden
res_partner_452_7285c244,Homer Hickam
res_partner_645_ca329c01,Horacio Vazquez-Rial
res_partner_759_8fbba2be,Houghton Mifflin
res_partner_1308_16169429,Houghton Mifflin Co
res_partner_713_efd4561b,Houghton Mifflin Company
res_partner_65_f77b8f88,House of Anansi Press
res_partner_1190_6e02c0b9,Howard Fast
res_partner_1516_0ca395fc,Howard Norman
res_partner_1006_cd1e604f,Hubert Selby
res_partner_217_1857c94b,Hyperion
res_partner_825_79fef772,Hyperion Books
res_partner_1112_074461e7,Hyperion Books for Children
res_partner_1137_03e20b23,Hyperion Press
res_partner_658_8c5bb98a,I Books
res_partner_260_d1f1b9f4,IAN MCEWAN
res_partner_1174_5fde726f, III Limbaugh
res_partner_2074_b58d3bae, III Simmons
res_partner_229_2177fd4e,IRIS JOHANSEN
res_partner_1015_f0c030b5,Iain Banks
res_partner_2067_fef79f85,Iain Pears
res_partner_887_33977449,Ian McEwan
res_partner_1850_d5d85a85,Ignatius Press
res_partner_1708_cd13cbfe,Ildiko Kurthy
res_partner_878_cd3bc12a,Ilona Koidahl
res_partner_698_389e61e3,Image
res_partner_1256_58dff737,Infinity Publishing (PA)
res_partner_1253_134f48fa,Infinity Publishing.com
res_partner_853_8b85a68c,Inner Ocean Publishing
res_partner_436_1c8a5d01, Insects : Two Novellas
res_partner_1943_7ea8180a,Intl Specialized Book Service Inc
res_partner_1922_8127ada8,Ira Levin
res_partner_220_f280a089,Irene Gonzalez Frei
res_partner_1283_ac76d685,Iris Johansen
res_partner_1211_6a18a27f,Irving. Adler
res_partner_1587_6e7f164d,Isaac Asimov
res_partner_1291_85c4ac82,Isaac Bashevis Singer
res_partner_431_e6fc03a6,Isabel Allende
res_partner_425_47a56fc3,Isabel Wolff
res_partner_493_83d273e3,Isabel-Clara SimÃƒÂ³
res_partner_471_b7d33a82,Isabelle Holland
res_partner_362_f64a9177,Island
res_partner_1079_059e0d43,Isobel Bird
res_partner_1359_aa7f6898,Ivan Doig
res_partner_381_745c4555,Ivy Books
res_partner_2006_d77b1df3,J Smith
res_partner_950_b3626dd4,J'ai lu
res_partner_399_fd5db141,J. M. Barrie
res_partner_1382_a214ee0f,J. Michael Straczynski
res_partner_86_c524ddd9,J. R. Parrish
res_partner_199_5d30e1ab,J. R. R. Tolkien
res_partner_129_244462fd,J.D. Robb
res_partner_197_64aab942,J.D. Salinger
res_partner_988_51e017d1,J.R.R. TOLKIEN
res_partner_1831_cd797bee,J.R.R. Tolkien
res_partner_1089_01ab33b0,JACQUELINE WOODSON
res_partner_1814_d5f0367b,JANE GREEN
res_partner_1567_1a1fe6f1,JANE KIRKPATRICK
res_partner_795_b1738dd8,JANE SMILEY
res_partner_2069_0c8a4e8d,JEAN M. AUEL
res_partner_711_3035e71a,JODI COMPTON
res_partner_1789_e234659d,JOHN FITZGERALD
res_partner_135_de8f40b1,JOHN GRISHAM
res_partner_678_dcfcb61b,JOHN IRVING
res_partner_691_7eb8ffdb,JOHN LE CARRE
res_partner_366_339b6b36,JOHN SAUL
res_partner_1612_85f966a9,JOHN WHITMAN
res_partner_1913_dca8b907,JON KRAKAUER
res_partner_1652_0ae7cdea,JONATHAN HARR
res_partner_699_829a288e,JOSEPH GIRZONE
res_partner_1299_d2cb6bea,JUDY BLUNT
res_partner_778_85ba07d5,JULIA GLASS
res_partner_826_8b187755,Jack
res_partner_70_d883657e,Jack Canfield
res_partner_1161_1103cb43,Jack Chapman
res_partner_966_6e182a07,Jack Higgins
res_partner_907_7c7a1fb7,Jack Kerouac
res_partner_1278_5576413d,Jack London
res_partner_1386_8fb80694,Jack Whyte
res_partner_1681_fe611b05,Jackie Collins
res_partner_1125_71dde687,Jackie Eileen Behrend
res_partner_1007_fd29836c,Jacob Weisberg
res_partner_1851_57647288,Jacqueline Kasun
res_partner_1153_cec39a72,Jacqueline L. Tobin
res_partner_1702_f42e340f,Jacqueline Susann
res_partner_1091_3cb387a5,Jacqueline Woodson
res_partner_794_3a894f71,Jacquelyn Mitchard
res_partner_1563_ad4f5c40,James Barclay
res_partner_892_972066b8,James Burke
res_partner_1230_4377fff1,James C. Robertson
res_partner_1535_6b30b855,James Gould Cozzens
res_partner_1455_9815b749,James Herbert
res_partner_340_07ca55f6,James Joyce
res_partner_1489_a7ae7719,James Kahn
res_partner_1238_b45e1142,James Lee Burke
res_partner_1491_c0ad61da,James McBride
res_partner_606_5bc12e74,James McCourt
res_partner_227_787e9904,James Patterson
res_partner_1891_a42c6994,James Reese
res_partner_2096_e3b2a597,James Rollins
res_partner_991_7e6247b4,Jan Karon
res_partner_1730_287e4126,Jan McDaniel
res_partner_118_65c16990,Jane Austen
res_partner_1431_d7aad853,Jane Feather
res_partner_965_d7426304,Jane Hamilton
res_partner_203_81fe0f55,Jane Heller
res_partner_290_96b686bb,Jane Lindskold
res_partner_986_806e1f4d,Jane McCafferty
res_partner_1704_816a8a7d,Jane Mendelsohn
res_partner_1676_0aad2ead,Jane Sigaloff
res_partner_533_c62231b5,Jane Smiley
res_partner_843_4ba2c2f4,Jane Yolen
res_partner_998_a3751433,Janet Dailey
res_partner_875_8a1545e4,Janet Evanovich
res_partner_2086_8f8c31ba,Janet Fitch
res_partner_1458_82302d32,Janosch
res_partner_1696_3a81adac,Jasper Fforde
res_partner_631_6a912ac7,Jaume CapÃƒÂ³
res_partner_1379_81202272,Jay Bennett
res_partner_1510_6baa6e26,Jayne Ann Krentz
res_partner_1752_d37180d0,Jean Bonnefoy
res_partner_936_66dd272b,Jean Giono
res_partner_1764_2d57ed46,Jean Giraudoux
res_partner_1419_f32a753f,Jean Lorrah
res_partner_536_e4de8fb0,Jean Marzollo
res_partner_1058_c516bc29,Jean Stewart
res_partner_1023_f4ab737f,Jean Van Hamme
res_partner_1460_5407074b,Jean de Brunhoff
res_partner_1410_8af0284c,Jeanne Duprau
res_partner_1532_0599fef1,Jeanne Larsen
res_partner_983_a6539bb1,Jeanne Ray
res_partner_1068_102f6b7a,Jeff Foxworthy
res_partner_1526_5c42d395,Jeffery Deaver
res_partner_1982_d8af102a,Jeffrey Archer
res_partner_1225_3c4c9518,Jeffrey Eugenides
res_partner_769_32b30f01,Jen Banbury
res_partner_202_75c087ec,Jennifer Crusie
res_partner_1808_decadef8,Jennifer Egan
res_partner_980_bdcc1b1e,Jennifer Lauck
res_partner_781_d8c26d4b,Jennifer Weiner
res_partner_338_27f2b055,Jerome D. Salinger
res_partner_1675_4c5dd502,Jerry Bledsoe
res_partner_834_1f0938dd,Jesse S. Ostrow
res_partner_1191_5ee85eb2,Jessica Fletcher
res_partner_1309_ca5a5d45,Jhumpa Lahiri
res_partner_1338_8934567d, Jill (Alex Cross Novels)
res_partner_1064_b3f7d8ec,Jill Thompson
res_partner_1718_f976849d,Jillian Lund
res_partner_1958_7c11797d,Jimmy Stewart
res_partner_116_708f2f2c,Jo Dereske
res_partner_634_0e7c05af,Joan Agut
res_partner_548_d16fd754,Joan Anderson
res_partner_2070_ac2ee27a,Joan Cleveland
res_partner_1820_1df3c6cb,Joan D. Vinge
res_partner_1511_1b247f47,Joan Smith
res_partner_342_9120dda0,Joanna Trollope
res_partner_530_982786f2,Joanne Harris
res_partner_1065_1f1cc5c9,Jody Seay
res_partner_1879_a4987b5f,Joe Haldeman
res_partner_233_d6ad3400,Joe Hutsko
res_partner_981_64dbabc8,Joe Keenan
res_partner_1970_436d9703,Joe Marcus
res_partner_1591_9c21100b,Joe R. Lansdale
res_partner_1903_873d7933,Joe Weber
res_partner_1444_134dc81e,Johann Wolfgang Von Goethe
res_partner_1217_4d6d466c,John A. Keel
res_partner_1380_c748265a,John Applegate
res_partner_2068_d181abda,John Barnes
res_partner_1422_74ca6a1c,John Beer
res_partner_1245_0ce9d00a,John Bellairs
res_partner_201_7795f069,John Berendt
res_partner_1141_71d233d7,John Borneman
res_partner_1911_2bfdd91b,John Case
res_partner_1707_950c0448,John Colapinto
res_partner_478_04688a7e,John Darnton
res_partner_1124_89a776a1,John F. Blair Publisher
res_partner_212_59a1dafe,John F. Love
res_partner_1401_b7830a89,John Fowles
res_partner_600_540c2399,John G. Neihardt
res_partner_439_75e8fcbc,John Galsworthy
res_partner_1517_eae0f5e1,John Griesemer
res_partner_78_ab70bba7,John Grisham
res_partner_265_b3a77462,"John Hunt Publishing, Ltd."
res_partner_517_f49d3ddc,John Irving
res_partner_1187_17c6a526,John Jakes
res_partner_1519_8e59c9a5,John L'Heureux
res_partner_715_b9d1137b,John Lawton
res_partner_994_dc8f71e5,John McEnroe
res_partner_1710_878d53e6,John McPhee
res_partner_394_531c0db1,John Milne
res_partner_1321_feda16e1,John Mordock
res_partner_1107_778392cb,John Mortimer
res_partner_1383_1917ced4,John Myers Myers
res_partner_774_1a6ac782,John Pascal
res_partner_1471_9bf46712,John Paul Allen
res_partner_486_bef17a6c,John R. Holt
res_partner_806_7191b391,John Sandford
res_partner_1018_3f128ec7,John Steinbeck
res_partner_1186_6967720d,John T. Lescroart
res_partner_1082_bcb2f2c3,John Varley
res_partner_522_8c2cbffb,John Wiley &amp
res_partner_958_db2377c3,John. Blofeld
res_partner_604_b49f1f91,Johnny Molloy
res_partner_1914_fabe5b1f,Jon Krakauer
res_partner_336_f05b1795,Jonathan Franzen
res_partner_1984_da82b5ed,Jonathan Kellerman
res_partner_1254_e33c9bdd,Jonathan Pearce
res_partner_1632_dc91fae4,Jonathan Rabb
res_partner_776_ecc4e295,Jonathan Safran Foer
res_partner_274_323b8b99,Jose Ortega Y Gaset
res_partner_1583_56d9464d,Joseph Campbell
res_partner_159_bfada6f1,Joseph Conrad
res_partner_697_fe82805f,Joseph Girzone
res_partner_437_a6abe2d0,Joseph Heller
res_partner_703_0f12342d,Josephine Carlton
res_partner_902_f2a0ce59,Jossey-Bass
res_partner_682_17d5b1f7,Jostein Gaarder
res_partner_371_79a33311,Jove Books
res_partner_706_22a02307,Joyce Reardon
res_partner_754_adcf6b80, Jr. Neely
res_partner_1406_41a45849,Jude Deveraux
res_partner_1547_c164026f,Jude Fisher
res_partner_1892_4f2fb48a,Judge Judy Sheindlin
res_partner_1918_c410d7f4,Judi Lawson Wallace
res_partner_1232_ba58af5b,Judith Guest
res_partner_372_060e2a2f,Judith Kelman
res_partner_874_fae5dd56,Judith McNaught
res_partner_818_589ec980,Judith Rossner
res_partner_1557_efaf5b72,Judy Astley
res_partner_1631_9f9e788d,Judy Blume
res_partner_1503_817500e8,Judy Collins
res_partner_1011_68b534d1,Judy Hamilton
res_partner_1737_b6a52027,Judy Jackson
res_partner_1876_3fa070ba,Jules Verne
res_partner_76_b35b878d,Julia Oliver
res_partner_857_9147a551,Julia Spencer-Fleming
res_partner_1087_6a2adceb,Julie Campbell
res_partner_1727_3479e151,Julie E. Czerneda
res_partner_1695_9fce91ce,Julie Miller
res_partner_823_2fab90ce,Julie Morgenstern
res_partner_656_067e1623,Jump at the Sun
res_partner_1537_85d8f364,June Vendall Clark
res_partner_2083_e37e9b48,Junko Wada
res_partner_1939_600790c1,Justine Ettler
res_partner_836_b5269bfa,Justine Korman
res_partner_841_126cb6de,K. A. Applegate
res_partner_1959_7f172efc,KEN WILBER
res_partner_351_17be52ce,KENT HARUF
res_partner_799_c228b558,KRISTIN HANNAH
res_partner_1564_376edb98,Kahlil Gibran
res_partner_1606_a568a3fa,Kamapua'a Press
res_partner_457_3aabbe81,Karen Armstrong
res_partner_1113_46129633,Karen Hesse
res_partner_790_ca2a808e,Karen Robards
res_partner_1352_19d7c459,Karen Stolz
res_partner_1063_2da25f58,Karen X. Tulchinsky
res_partner_2026_19abacd0,Karlfried Durckheim
res_partner_1621_bc0367b8,Kate Atkinson
res_partner_1177_df1bb18f,Kate Chopin
res_partner_1775_f472101b,Katherine Applegate
res_partner_92_78aaae68,Kathleen Duey
res_partner_354_44d4bbe4,Kathleen E. Woodiwiss
res_partner_1525_ed198575,Kathy Reichs
res_partner_891_a57be7cb,Katie Fforde
res_partner_270_34df3ee2,Kay Hooper
res_partner_1512_bd760cf2,Kaye Gibbons
res_partner_1539_d5192bd1,Kem Nunn
res_partner_211_7fd50912,Ken Follett
res_partner_404_ab2093d5,Kenneth Grahame
res_partner_1114_0cc894d3,Kenneth Oppel
res_partner_73_da2d1418,Kensington Publishing Corp.
res_partner_1853_e0aeb080,Kensington Publishing Corporation
res_partner_569_3e6eb02d,Kevin Sullivan
res_partner_328_ce80247f,Kiana Davenport
res_partner_671_1c8d1751,Kidsbooks.Com
res_partner_331_9d662150,Kiepenheuer &amp
res_partner_1667_4ac478cd,Kim Stanley Robinson
res_partner_1343_76c3d77e,Kimberly Kirberger
res_partner_1897_2e40a3c2,Kingsley Amis
res_partner_1178_7be887ca,Kirk Kazanjian
res_partner_2038_1bef644d,Klett
res_partner_1464_72e7c77f,Klett-Cotta
res_partner_178_f6d2d033,Knopf
res_partner_414_a0d69757,Knopf Books for Young Readers
res_partner_906_3036bbf4,Kris Shepard
res_partner_1653_44e2bf46,Kristin Hannah
res_partner_1496_26f8250b,Kriya Yoga Publications
res_partner_1711_1820e8c0,Kurt Vonnegut
res_partner_1609_7192f77c,L. Ron Hubbard
res_partner_1267_f19ba6cc,L.M. MONTGOMERY
res_partner_112_7dc6eea0,LAURA HILLENBRAND
res_partner_1408_9ca0b591,LAURIE R. KING
res_partner_1088_ac27f165,LEE SMITH
res_partner_2009_6c52cc3b,LENNART NILSSON
res_partner_236_076a5e28,LEWIS GRIZZARD
res_partner_935_0dbf2ae5,LGF
res_partner_862_cdfee7ba,LISA GARDNER
res_partner_282_03633e25,LOIS DUNCAN
res_partner_1127_c6789b7e,LOIS LOWRY
res_partner_367_9db6da92,LORNA LANDVIK
res_partner_215_382b98cf,LOUIS DE BERNIERES
res_partner_1432_91d04efe,LOUIS L'AMOUR
res_partner_523_6e982f5b,LTD
res_partner_623_6815f1c2,Laia
res_partner_955_5a7c096a,Lamuv
res_partner_1639_b7b7f844,LanctÃƒÂ´t ÃƒÂ©diteur
res_partner_176_0d721007,Landoll
res_partner_977_4849b4f0,Laney Katz Becker
res_partner_1147_f33e3138,Langston Hughes
res_partner_757_42ba00a2,Larry Katzenstein
res_partner_1541_0835043e,Larry King
res_partner_149_65c26c49,Larry McMurtry
res_partner_476_d473d21e,Last Knight Pub Co
res_partner_987_37e6d74a,Laura Esquivel
res_partner_861_c0ba525b,Laura Ingall Wilder
res_partner_132_bb838b2f,Laura J. Mixon
res_partner_280_d072af12,Laura Wolf
res_partner_652_092bffdc,Laura Zigman
res_partner_281_dc51a101,Laure Leaf
res_partner_2029_1df65d89,Laure Redmond
res_partner_150_57f98f40,Laurel Leaf
res_partner_1090_dbf6ef3d,Laurel-Leaf Books
res_partner_1890_eda19c69,Laurell K. Hamilton
res_partner_723_0d694510,Lauren Haney
res_partner_1055_b7e9a964,Lauren Maddison
res_partner_1051_3586258c,Lauren Sanders
res_partner_2039_66e310dc,Laurent Jouvet
res_partner_1751_7256913c,Laurent Vicomte
res_partner_1601_6d55ec90,Laurie Halse Anderson
res_partner_1877_3351cc7f,Laurie Lee
res_partner_1803_8ce8f04c,Lawrence Goldstone
res_partner_556_b8a9ef85,Lawrence J Crabb
res_partner_616_f3dd9af8,Lectorum Pubns (J)
res_partner_1948_571cf741,Lee Strobel
res_partner_1622_f1f56ff8,Leisure Arts
res_partner_1997_0ea17d81,Leisure Books
res_partner_1000_48d3d873,Lemony Snicket
res_partner_1884_b64e1d36,Len Deighton
res_partner_1123_a75596da,Lensey Namioka
res_partner_641_7bd6c12f,Leo Tolstoy
res_partner_784_3513835f,Leon Hale
res_partner_1880_2dcdc1cd,Leon Uris
res_partner_1047_2e874f16,Leslie Feinberg
res_partner_1670_d424b4a0,Leslie Glass
res_partner_1804_f7145205,Leslie Land
res_partner_1967_42bad2c3,Leslie Marmon Silko
res_partner_1854_d80bef89,Leslie Meier
res_partner_939_bdb3bdb9,Lewis
res_partner_584_dcc96c34,Lewis Carroll
res_partner_240_4865768c,Lewis Grizzard
res_partner_1738_d83b2a99,Lewis Orde
res_partner_1565_2e135b95,Libby Purves
res_partner_306_6ad3e63d,Lilian Jackson Braun
res_partner_815_b5075836,Linda Goodman
res_partner_588_4ca93266,Linda Gordon
res_partner_1285_12c92ef7,Linda Howard
res_partner_1430_179e7a41,Linda Lael Miller
res_partner_996_bdda2872,Linda Lay Shuler
res_partner_1437_cd91b87f,Lionel Fenn
res_partner_830_1e0102e1,Lisa Jackson
res_partner_884_a7e725f7,Lisa Scottoline
res_partner_1826_b307fbc1,Listen &amp
res_partner_110_1078120f,Little Brown &amp
res_partner_1873_91f0bb95,Little Brown UK Ltd
res_partner_990_7d53d816,Little Brown and Company
res_partner_196_fdb169a4,"Little, Brown"
res_partner_943_994b6b41,Livre De Poche French
res_partner_948_4e4237ad,Livre de Poche
res_partner_1311_8a029b4a,Liz Trigg
res_partner_572_0f2f08cd,Llewellyn Publications
res_partner_1833_06a2cf21,Lois Battle
res_partner_1200_8d3e9dc8,Lois Faye Dyer
res_partner_2066_10262264,Lois McMaster Bujold
res_partner_1010_977ec848,Lomond Books
res_partner_72_a9b21c3e,Loren D. Estleman
res_partner_268_c1dd9766,Lorenzo Carcaterra
res_partner_1684_f72c8047,Lori Handeland
res_partner_349_db957ccf,Lorna Landvik
res_partner_700_59e2ee06,Lorraine Anderson
res_partner_1159_eb09a117,Louis L'Amour
res_partner_195_9e5e989a,Louis Lamour
res_partner_1492_0a37fb00,Louis Sachar
res_partner_427_2c9a69e5,Louisa May Alcott
res_partner_1412_a89c15c6,Louise Erdrich
res_partner_1722_4baace5c,Louise Plummer
res_partner_403_74445eb7,Louise Rennison
res_partner_283_a7c761b3,Love Spell
res_partner_1799_574b4675,Ltd Editorial Staff Publication International
res_partner_676_8dc41bcd,Luanne Rice
res_partner_613_75bf03f7,Luis Racionero
res_partner_1004_b5347a89,Luis SepÃƒ?Ã‚Âºlveda
res_partner_475_0f7236a0,Lurlene McDaniel
res_partner_2032_608e7758,Lynda Barry
res_partner_467_f282515c,Lynda Madaras
res_partner_714_5f789b1e,Lynn Coady
res_partner_865_e074c22c,Lynn S. Hightower
res_partner_1767_af970769,Lynne Reid Banks
res_partner_102_453a609b,LÃƒ?Ã‚Â¼bbe
res_partner_629_482b1005,M. Carme Junyent
res_partner_1932_0f30439f,M. M. Kaye
res_partner_1931_75506cf7,M. Scott Peck
res_partner_137_7bbef608,M.D. Bernie S. Siegel
res_partner_2061_8d0ab1fa,MARC BROWN
res_partner_1657_8557c87e,MARGARET ATWOOD
res_partner_358_8ea1114f,MARK HADDON
res_partner_1575_dc9b5ccb,MARK SALZMAN
res_partner_1800_c9370aa0,MARY DORIA RUSSELL
res_partner_597_386e2f50,MAYA ANGELOU
res_partner_97_7b68d842,MICHAEL CRICHTON
res_partner_179_928dc4a2,MICHAEL ONDAATJE
res_partner_1354_bddd392f,MTV
res_partner_928_abb3060d,MacAdam/Cage Publishing
res_partner_1802_44dc3d6a,MacDonald Harris
res_partner_716_87c61eba,MacMillan Publishing Company.
res_partner_1073_12bd05d8,Madelyn Arnold
res_partner_1705_f350301c,Madge Swindells
res_partner_130_d0496a53,Maeve Binchy
res_partner_1117_fbac6e0b,Magic Carpet Books
res_partner_1763_258b8243,Maida Silverman
res_partner_1181_2a77b94d,Main Street Books
res_partner_378_8ab04258,Malachy McCourt
res_partner_1281_99ad6a74,Malcolm Goodway
res_partner_1436_a78d69cc,Mallory Rush
res_partner_1067_ee46421e,Manda Scott
res_partner_1894_68657f1d,Manil Suri
res_partner_1097_dd2b8993,Manning Publications
res_partner_646_292e1b51,Marc Gascoigne
res_partner_975_b6f11794,Marc Levy
res_partner_1251_fc78a15d,Marc Reisner
res_partner_595_6a07e1e6,Margaret Atwood
res_partner_741_94b9e9e9,Margaret Guenther
res_partner_511_99718f96,Margaret Maron
res_partner_1560_3ec1969c,Margaret Tempest
res_partner_654_994bbeb6,Margaret Truman
res_partner_1687_52fd957c,Margaret Way
res_partner_1358_f9142692,Margaret Weis
res_partner_1940_f039bb01,Margaret Wise Brown
res_partner_1334_03db0a6c,Margriet de Moor
res_partner_1341_9d6a01b5,Marguerite Henry
res_partner_380_1377367a,Mari Sandoz
res_partner_638_858f5ed4,Maria JaÃƒÂ©n
res_partner_1099_1db33d0d,Marian Babson
res_partner_1678_5d73f971,Marian Keyes
res_partner_819_52dea5df,Marilyn French
res_partner_1781_283d0fc7,Marilyn Penovich Friend
res_partner_1398_696f884a,Marilynn Robinson
res_partner_298_cc5d5cfc,Mariner Books
res_partner_1154_e2ff6bd7,Marion Zimmer Bradley
res_partner_1688_9ec73957,Marisa Carroll
res_partner_1716_7c8e7471,Mark A. S. McMenamin
res_partner_1252_a54c5a8b,Mark Bowden
res_partner_1205_957d81e0,Mark Cohen
res_partner_1907_ef81e9c6,Mark Dunn
res_partner_753_8e0b8e98,Mark E.
res_partner_1915_dd02756c,Mark Haddon
res_partner_143_8d3a7a22,Mark Helprin
res_partner_42_e7608671,Mark P. O. Morford
res_partner_1796_d28cd449,Mark Richard
res_partner_109_a28f2ce5,Mark Salzman
res_partner_585_5e9cfbad,Mark Twain
res_partner_2008_101efc1b,Mark Victor Hansen
res_partner_1749_8e59e80b,Mark Z. Danielewski
res_partner_1574_ef0e9edd,Marlo Schalesky
res_partner_1518_84389652,Marly A. Swick
res_partner_904_b819a326,Martha Beck
res_partner_727_41113e0c,Martha Grimes
res_partner_908_dc3efdb7,Martin Buber
res_partner_1527_2bda58bc,Martin Cruz Smith
res_partner_479_34950b7f,Martin Schenk
res_partner_1486_eb2ab861,Marvel Books
res_partner_846_5d359205,Marvin Miller
res_partner_459_3be56716,Mary Barnard
res_partner_599_e600f3e4,Mary Brave Bird
res_partner_1785_eb8ce39d,Mary Evans O'Keefe Gravalos
res_partner_126_89c9798d,Mary Higgins Clark
res_partner_490_905e3a92,Mary Jane Clark
res_partner_297_2ac08304,Mary Lawson
res_partner_1603_7208d7c3,Mary McGarry Morris
res_partner_400_53ded9c6,Mary O'Hara
res_partner_491_3e9418bd,Mary Wollstonecraft Shelley
res_partner_1969_c5d996ad,Mason/Charter
res_partner_1778_7752e96d,Matthew F Christopher
res_partner_1001_8c734a55,Matthew Thomas
res_partner_2005_5b88e982,Maurice Gran
res_partner_967_eb48a62c,Max Allan Collins
res_partner_1862_468a4740,Max Frisch
res_partner_554_e9b07d19,Max Lucado
res_partner_514_6c4ccd17,McClelland &amp
res_partner_191_c3a7033a,McGraw-Hill
res_partner_2013_19ffcadf,McGraw-Hill/Irwin
res_partner_1220_ae3afaeb,Meg Cabot
res_partner_1413_ac6ce4f6,Melinda Haynes
res_partner_1078_9b930f23,Melisa Michaels
res_partner_919_eccea7ce,Melissa Bank
res_partner_582_cc959de5,Melissa McClone
res_partner_1680_f0b22ac7,Melissa Rossi
res_partner_916_04780f41,Melody Carlson
res_partner_851_b44a43bd,Mercedes Lackey
res_partner_1506_47337966,Metropolitan Books
res_partner_1145_58e20b99,Michael A. Stackpole
res_partner_1244_cae2780f,Michael Blake
res_partner_1239_43169dbf,Michael Chabon
res_partner_1185_0753f4da,Michael Connelly
res_partner_96_19b6bd74,Michael Crichton
res_partner_1663_5cbf6e52,Michael Cunningham
res_partner_1637_60c37615,Michael Dimercurio
res_partner_1570_a9c4f286,Michael Ende
res_partner_532_4ab5865f,Michael Hudson
res_partner_1346_15a633a5,Michael J. Rosen
res_partner_222_d3ed8c51,Michael Jan Friedman
res_partner_997_17473fd2,Michael Joseph Ltd
res_partner_262_0c554236,Michael Lewis
res_partner_800_3683e2f9,Michael Marshall
res_partner_2016_e017cb4c,Michael Mische
res_partner_334_2b86d34d,Michael Moore
res_partner_1019_5cdf4508,Michael O'Mara
res_partner_1016_c0ebb7ea,Michael O'Mara Books
res_partner_373_74c14c8c,Michael Palmer
res_partner_1577_cd6aa1e4,Michael Paterniti
res_partner_205_c494f637,Michael Rips
res_partner_1916_048f764f,Michael Ryan
res_partner_805_bb3848e3,Michael Slade
res_partner_153_4b15730a,Michel Tournier
res_partner_571_0e5e5b4b,Michele Morgan
res_partner_185_0f39304a,Mike Gayle
res_partner_804_2c773ec3,Mike Thaler
res_partner_735_0d0d551f,Mil Millington
res_partner_345_514b99a7,Milan Kundera
res_partner_1132_4c650b2b,Milena Moser
res_partner_2097_a244648c,Minette Walters
res_partner_198_655c14eb,Minotauro
res_partner_1207_9132845d,Mira
res_partner_67_6ac28e9d,Mira Books
res_partner_1084_4ad30786,Miramax
res_partner_2059_59ea9245,Miramax Kids
res_partner_218_3d933679,Mitch Albom
res_partner_412_6e1abff7,Modern Library
res_partner_1490_e32a9482,Modern Publishing
res_partner_1613_953cc353,Moderne Verlagsges. Mvg
res_partner_1628_d4c7bc57,Mollie Molay
res_partner_1520_139448d9,Molly Ivins
res_partner_1128_ae1d4aa2,Monarch Books
res_partner_1573_5565e794,Moody Publishers
res_partner_922_b62787b0,Moon Unit Zappa
res_partner_103_97e25e90,Mordecai Richler
res_partner_736_4d052af9,Morehouse Group
res_partner_854_a80b68f6,Moveon
res_partner_667_0069997f, Mrs. Levine: An Excruciating Correspondence
res_partner_915_e9477960,Multnomah
res_partner_515_d93970c3,Muriel Whitaker
res_partner_1179_afcb1880, Mutual Funds (Wall Street's Picks)
res_partner_1204_e1ed99e3,Mysterious Press
res_partner_632_99127d77,MÃƒÂ rius Serra
res_partner_1327_55e0a393,NATALIE GOLDBERG
res_partner_672_f44e2b16,NATHANIEL HAWTHORNE
res_partner_158_3feb2797,NTC/Contemporary Publishing Company
res_partner_681_e8fe487e,Nan A. Talese
res_partner_1332_9cc00ec8,Nancy Cobb
res_partner_1929_09dd09f3,Nancy Creagh Phelan
res_partner_1083_c1cf93f7,Nancy Garden
res_partner_1717_d5992478,Nancy K Robinson
res_partner_276_50477b4b,Nathaniel Hawthorne
res_partner_669_c797ad0c,National Geographic Society
res_partner_1310_afe0ca9a,Natl Book Network
res_partner_555_573aa239,NavPress
res_partner_224_9b29bc85,Neal Barrett Jr.
res_partner_564_a69deae5,Neal Pirolo
res_partner_1599_86c3159f,Ned Vizzini
res_partner_443_526cb0f7,Neil Gaiman
res_partner_1624_e87febad,Nelson Bibles
res_partner_307_9d9bc19f,Nelson Books
res_partner_508_a11fd1b7,Nevada Barr
res_partner_1052_86e5a020,New Amer Library
res_partner_1733_773ad774,New Amer Library (Mm)
res_partner_1656_5418a03f,New Amer Library Classics
res_partner_1654_85d0db47,New American Library
res_partner_1409_da537184,New Chapter Press
res_partner_899_fac64c85,New Directions Publishing Corporation
res_partner_1227_6d66c802,New English Library
res_partner_605_31ba4170,New York Review of Books
res_partner_655_cd39839f,Nic Kynaston
res_partner_170_d5b52118,Niccolo Machiavelli
res_partner_909_13026a18,NiccolÃƒÂ² Machiavelli
res_partner_1265_3b3bcfdf,Nicholas Evans
res_partner_1766_a5756ded,Nicholas Ross
res_partner_365_a2854a58,Nicholas Sparks
res_partner_1645_9c579087,Nick Earls
res_partner_1095_6a761742,Nick Hornby
res_partner_278_99766da3,Nick Page
res_partner_1085_da468cb2,Nicola Griffith
res_partner_1473_705a074b, No. 1229))
res_partner_773_039a93c0,Noble House
res_partner_1498_683a1177,Nomi Eve
res_partner_1709_1cf4aad2,Noonday Press
res_partner_535_fe24ec11,Nora Roberts
res_partner_375_e772dd82,Norman Bridwell
res_partner_266_203a5eee,Norman Jetmundsen
res_partner_1923_f7288afc,Norman Lindsay
res_partner_2020_7fb3aaa3,Norman Mailer
res_partner_1604_051575cb,North Atlantic Books
res_partner_1243_e35239fe,Norton Juster
res_partner_1459_0ba62c40,Not Avail
res_partner_1946_a1618936,Nuala O'Faolain
res_partner_144_a2a1f0c9,O. Carol Simonton Md
res_partner_957_fce93f4a,O. W. Barth Bei Scherz
res_partner_413_08ce8db2,OSCAR WILDE
res_partner_624_625937c5,OfÃƒÂ¨lia Dracs
res_partner_1110_b94d93f8,Ohio University Press
res_partner_1569_1806a5f6,Olive Ann Burns
res_partner_2079_a6abc825,Oliver Sacks
res_partner_1504_7a82867c,Oliver W. Sacks
res_partner_300_0d2ff6dd,Olivia Goldsmith
res_partner_241_7f2a105b,Onyx Books
res_partner_407_7ab3ffd3,Orb Books
res_partner_1976_06023962,Orca Book Publishers
res_partner_1771_000a445b,Orchard Books
res_partner_1167_3e23bba4,Orson Scott Card
res_partner_1990_f0a81a9e,Oscar Hijuelos
res_partner_1420_75c5ef65,Oscar Wilde
res_partner_1954_f5178712,Osuntoki
res_partner_1844_57a74569,Our Sunday Visitor
res_partner_688_17b98a1c,Owl Books
res_partner_1896_0bcc1e3f,Oxford Univ Pr
res_partner_41_b741581e,Oxford University Press
res_partner_747_d3500f9f,P Coelho
res_partner_539_5c2d7979,P. D. James
res_partner_183_3942df13,P.J. O'Rourke
res_partner_838_678394a9,PATRICIA REILLY GIFF
res_partner_175_974c33de,PHILIP PULLMAN
res_partner_1274_9bd6154f,Pages Publishing Group
res_partner_959_32ad7517,Palgrave-Macmillan
res_partner_473_3e19432f,Pam Conrad
res_partner_216_0def6a2d,Pam Proctor
res_partner_1377_e3052ba5,Pamela Grim
res_partner_1454_3a1cc4cc,Pan
res_partner_2092_361af467,Pan Books Ltd
res_partner_257_0b6fb960,Pan Macmillan
res_partner_1258_d490e5ef,Pantheon
res_partner_1250_e2704593,Pantheon Books
res_partner_322_fd720493,Paolo Coelho
res_partner_1092_2679b02f,Pat Head Summitt
res_partner_579_52f9ef68,Pat Hutchins
res_partner_2087_13ac957d,Pat Rodegast
res_partner_1277_365978f6,Patricia C. Wrede
res_partner_128_08128b7d,Patricia Cornwell
res_partner_352_9d233592,Patricia D. Cornwell
res_partner_726_047c5cf5,Patricia Daniels Cornwell
res_partner_972_8f3571ce,Patricia Gaffney
res_partner_1133_0ae25333,Patricia Highsmith
res_partner_1726_edd039e2,Patricia Kennealy-Morrison
res_partner_1792_0447c3c6,Patrick McGrath
res_partner_1633_f8a4298f,Patrick Robinson
res_partner_2095_bbee3a48,Patrick Suskind
res_partner_510_dc3dc642,Paul Auster
res_partner_1625_d9a4126f,Paul Gross
res_partner_1129_624e0ebf,Paul Hattaway
res_partner_751_dea71adc,Paul Jennings
res_partner_1390_c5546dfd,Paul Kent
res_partner_640_5aa25c92,Paul Lester
res_partner_913_e9b5bbee,Paul Monette
res_partner_1102_a17efcdf,Paul Phifer
res_partner_482_8e03a84a,Paul Reiser
res_partner_238_66efead9,Paul Theroux
res_partner_465_f79cd27f,Paul Woodruff
res_partner_657_93aae5e3,Paula Danziger
res_partner_762_d698999e,Paula Polk Lillard
res_partner_1424_49945cc8,Paulo Coelho
res_partner_2063_5016b90d,Peachpit Press
res_partner_455_4403e622,Pearl Abraham
res_partner_1229_0b49b183,Pearson Education
res_partner_167_b430583c,Penguin Books
res_partner_285_e9865242,Penguin Books Ltd
res_partner_2030_16fd4405,Penguin Putnam~childrens Hc
res_partner_1337_fc63e805,Penguin Putnam~mass
res_partner_1008_069edb98,Penguin Putnam~trade
res_partner_587_42197baa,Penguin USA
res_partner_525_f58ed14d,Penguin USA (Paper)
res_partner_1477_095ea145,Penguin/Puffin Mass Market (Mm)
res_partner_188_f2787576,Perennial
res_partner_2057_c81e48d2,Perennial Currents
res_partner_949_5ec03419,Pergaud
res_partner_2072_2ab38f9e,Perigee Books
res_partner_1887_90ef64b1,Perigee Trade
res_partner_1694_bfeda23a,Perseus Books Group
res_partner_962_ecd71d3c,Peter B Heim
res_partner_1103_7c9cab11,Peter Hoeg
res_partner_1920_e0bec110,Peter J. D'Adamo
res_partner_1614_f35377fe,Peter Kummer
res_partner_1389_2a95520b,Peter Matthiessen
res_partner_1741_937eab0a,Peter Mayle
res_partner_824_db17188a,Peter Straub
res_partner_1988_b63e1813,Peter Weber
res_partner_1013_586ca836,Philip Ardagh
res_partner_1754_062dd282,Philip K. (Philip Kindred) Dick
res_partner_1745_c0245010,Philip K. Dick
res_partner_1742_0b7bb46a,Philip Kindred Dick
res_partner_1555_a1ed487f,Philip Pullman
res_partner_315_f4a36c7d,"Philipp Reclam, Jun Verlag GmbH"
res_partner_1461_59e43f14,Philippe Fix
res_partner_1136_b528208c,Phoenix Books
res_partner_1882_72697242,Photografix
res_partner_1351_900aa5b7,Phyllis Reynolds Naylor
res_partner_1224_3cc42391,Picador
res_partner_301_696b1207,Picador (UK)
res_partner_721_4dc2377c,Picador USA
res_partner_312_fd2bfa6a,Piers Anthony
res_partner_1374_6992fefa,Piers Vitebsky
res_partner_787_379004b0,Pinnacle Books
res_partner_333_ff14b113,Piper
res_partner_1296_34febefa,Plato
res_partner_668_c39bf2b5,Playmore Inc. Publishers
res_partner_612_b730835a,Plaza &amp
res_partner_1119_d020e333,Pleasant Company Publications
res_partner_79_496fb212,Plume
res_partner_369_53f325ef,Plume Books
res_partner_125_35b33d07,Pocket
res_partner_542_d94844b4,Pocket Books
res_partner_543_d1cb8ecb,Pocket Star
res_partner_1276_815d329f,Point Fantasy
res_partner_1780_77ca1b19,Prentice Hall
res_partner_157_c17ccb23,Prentice Hall (K-12)
res_partner_1062_6a949e96,Press Gang Publishers
res_partner_1755_8b8c4303,Presses De La Cite French
res_partner_945_dae1e15b,Presses Pocket French
res_partner_1753_3814bc7e,Presses de la CitÃƒ?Ã‚Â©
res_partner_557_384af1a1,Pub Group West
res_partner_1798_e16841a3,Publications International
res_partner_750_861cfd6c,Puffin
res_partner_565_803e0ac9,Puffin Books
res_partner_422_95174c28,Push
res_partner_51_39741453,Putnam Pub Group
res_partner_885_914fb073,Putnam Pub Group (Paper)
res_partner_725_fc9a3d41,Putnam Publishing Group
res_partner_1318_e6b7d31f,Quest Books
res_partner_1582_0a20cacf, Questions
res_partner_504_895bee47,Quill (HarperCollins)
res_partner_1821_26cfc45a,R. A. MacAvoy
res_partner_68_b3c78275,R. J. Kaiser
res_partner_1773_757f7b9a,R. L. Stine
res_partner_1024_74521ab0,R. W. Holder
res_partner_314_e44aa755,RAY BRADBURY
res_partner_1192_5bea1b34,RICHARD NORTH PATTERSON
res_partner_416_81c2b4db,ROALD DAHL
res_partner_1142_81aa1872,ROBERT S. MCELVAINE
res_partner_1634_9599ae01,ROBERT T. BAKKER
res_partner_2055_0095db69,RUSSELL MARTIN
res_partner_1507_997d2abb,Rachel Cohn
res_partner_258_25643adb,Rachel Harris
res_partner_1509_85fc7668,Rachel Naomi Remen M.D.
res_partner_1121_b29fc975,Rachel Roberts
res_partner_1644_d2e83f74,Rachel Simon
res_partner_2036_8944a939,Rafael Reig
res_partner_1818_f3f6cd91, Rainey Rainey 
res_partner_1306_d0150692,Ralph Ellison
res_partner_1786_3e3216ea,Randall Rothenberg
res_partner_1641_21e34040,Randall Wallace
res_partner_57_53222f0f,Random House
res_partner_1964_b49d92c6,Random House (Merchandising)
res_partner_1288_6c9a6254,Random House Books for Young Readers
res_partner_765_62040bf0,Random House Canada
res_partner_1074_90249522,Random House Children's Books
res_partner_1086_1eef2072,Random House Childrens Books
res_partner_420_64624f86,Random House Inc
res_partner_99_d0a66811,Random House Trade Paperbacks
res_partner_1926_55289688,Random House UK Ltd (A Division of Random House Group)
res_partner_2077_db3fc40e,Random House Value Pub
res_partner_731_7e6cb68f,Random House Value Publishing
res_partner_1194_ee6b3e6f,"Random House, Inc."
res_partner_1331_dbf62c1f,Randy Alcorn
res_partner_1268_6e0644db,Ravensburger Buchverlag Otto Maier GmbH
res_partner_318_2d3bf7aa,Ray Bradbury
res_partner_320_2c18bc03,Raymond Chandler
res_partner_1640_787d71d9,Raymond Cloutier
res_partner_946_5c67d1c8,Raymond Radiguet
res_partner_498_051f86f5,Reader's Digest
res_partner_694_a68565a8,Readers Digest
res_partner_545_4f27d664,Readers Digest Assn
res_partner_1384_118adc8c,Reay Tannahill
res_partner_1832_faa1c269,Rebecca Godfrey
res_partner_254_33c9ecb2,Rebecca Wells
res_partner_1219_500e5066,Rebecca Winters
res_partner_1149_04f7021e,Red Dress Ink
res_partner_309_eae7d99f,Regal Books
res_partner_384_1ebb1cd3,Regan Books
res_partner_1536_1366174b,Reidar Jonsson
res_partner_921_9353abce,Rena Kornreich Gelissen
res_partner_332_1495a803,Renan Demirkan
res_partner_941_70e8ccb1,Rene Barjavel
res_partner_1769_f2e7c804,Replica Books
res_partner_1162_6ea0ea05,Reston Pub. Co
res_partner_546_9f29f732,Rex Stout
res_partner_1642_c6fdbb9f,Rhoda Huffey
res_partner_94_47b386f8,Rich Shapero
res_partner_659_dfa1bc6f,Richard A. Lupoff
res_partner_1724_f37b1ef9,Richard Awlinson
res_partner_568_708a199b,Richard Bach
res_partner_889_00b1f1fc,Richard Bausch
res_partner_1093_9e8eecc2,Richard Belzer
res_partner_1021_b5dd5a75,Richard Brassey
res_partner_44_cc67c88c,Richard Bruce Wright
res_partner_1223_6b9841a4,Richard Burton
res_partner_2088_3e8d8999,Richard Dalby
res_partner_1706_7a1b3d9f,Richard George Adams
res_partner_1636_623372fe,Richard Moran
res_partner_107_6618b44f,Richard North Patterson
res_partner_973_e2c248b5,Richard Paul Evans
res_partner_1184_5e64227c,Richard Peck
res_partner_680_c74d07a0,Richard Russo
res_partner_576_a7845ab7,Richard Webster
res_partner_264_4dc2d5ee,Richard Zimler
res_partner_1841_084c4847,Rick Davis
res_partner_1805_dc759363,Rikki Ducornet
res_partner_1057_8da0f636,Rising Tide Press (AZ)
res_partner_499_847c50e3,Rita Chapman Works
res_partner_1484_4bd93084,Rita Mae Brown
res_partner_75_7875923d,River City Pub
res_partner_454_a1d1a07d,Riverhead Books
res_partner_1857_dd1a8e3f,Rizzoli Publications
res_partner_526_9fffbc6e,Roald Dahl
res_partner_643_5bcbc54b,Robert A Johnson
res_partner_174_fc7d5734,Robert A. Heinlein
res_partner_1494_30583dba,Robert Asprin
res_partner_2043_7d8173b5,Robert Atkins
res_partner_497_32dd241b,Robert B. Parker
res_partner_1627_92b39e61,Robert Bloch
res_partner_1985_e4b2ec3d,Robert Charles Wilson
res_partner_54_0d7dc8e4,Robert Cowley
res_partner_213_c62f2696,Robert G. Allen
res_partner_74_7c2b6b75,Robert Hendrickson
res_partner_256_e0144c2d,Robert James Waller
res_partner_1917_3503dcbc,Robert K. Tanenbaum
res_partner_709_3539d1d8,Robert Lacey
res_partner_1872_46bb533b,Robert Louis Stevenson
res_partner_2078_ba4daee0,Robert Ludlum
res_partner_139_091b7e74,Robert Penn Warren
res_partner_1538_6872b2f4,Robert Reilly
res_partner_347_1bbc0ca7,Robert S. Levinson
res_partner_1968_9a69b4ef,Robert S. Root-Bernstein
res_partner_210_271b5b3c,Robert T. Kiyosaki
res_partner_495_0ee9308d,Robert Westall
res_partner_743_6ba98eea,Roberto Juarroz
res_partner_1106_57244727,Roberto Vecchioni
res_partner_1848_bb617c1a,Robertson Davies
res_partner_1980_49c77a33,Robin A. White
res_partner_813_56aaf9ba,Robin Cook
res_partner_1391_5ba2dfa5,Robin McKinley
res_partner_90_24b78e62,Robynn Clairday
res_partner_287_f13252a0,Roc
res_partner_2056_e87d368f,Roger D. Masters
res_partner_1558_07330b2d,Roger E. Allen
res_partner_602_37e4a605,Roland Warren
res_partner_1869_24d39d2d,Ron L. Hubbard
res_partner_1772_7fd5582a,Ros Stanley
res_partner_2060_9a703d8e,Ross King
res_partner_1040_5df7ca0b,Routledge
res_partner_953_1bbc9976,Rowohlt
res_partner_337_a800539e,Rowohlt Tb.
res_partner_335_117e67a7,"Rowohlt, Reinbek"
res_partner_251_77bde741,Roy
res_partner_1173_a96ec575,Rush H.
res_partner_785_52db395e,Russell Banks
res_partner_1847_8e97476a,Russell L. Ford
res_partner_1962_41dcccb6,Ruth Gordon
res_partner_389_31b6dbcb,Ruth Rendell
res_partner_83_4cd9f6b1,Ryland Peters &amp
res_partner_1714_8f789f72,SANDOR MARAI
res_partner_1339_b7f0a19d,SANDRA CISNEROS
res_partner_831_1164e1db,SHARYN MCCRUMB
res_partner_424_fd18ee63,SOPHIE KINSELLA
res_partner_1482_be544e63,STEPHEN FRIED
res_partner_1135_512468e6,STEPHEN R. DONALDSON
res_partner_1699_0bc99a35,SUE MARGOLIS
res_partner_151_4a386f7b,SUZANNE FISHER STAPLES
res_partner_1215_3eabdf19,Sagebrush Bound
res_partner_637_a26243b5,Salamandra
res_partner_2054_e024a342,Salley Vickers
res_partner_995_1498e54e,Sally Mandel
res_partner_1950_e18dae66,Sally Rains
res_partner_1549_cede4872,Salman Rushdie
res_partner_666_0af2499a,Sam Bobrick
res_partner_1924_679ebafe, Sam Sawnoff (New York Review Children's Collection)
res_partner_1878_bc846684,Sam Siciliano
res_partner_1316_3b2291b4,Samuel Richardson
res_partner_786_d86874c2,Samuel Taylor Coleridge
res_partner_2014_2cea27c4,Sandra  Waddock
res_partner_226_a1d94c23,Sandra Brown
res_partner_648_959d18e7,Sandra Dallas
res_partner_1233_d11105aa,Sandra Field
res_partner_181_5e712435,Sandra Levy Ceren
res_partner_1077_baf06a10,Sara Orwig
res_partner_894_3a3d2966,Sara Paretsky
res_partner_882_6d8a9574,Sarah Ban Breathnach
res_partner_729_51fdc954,Sarah Orne Jewett
res_partner_189_13209cac,Sarah Payne Stuart
res_partner_501_22cef43b,Sarah Waters
res_partner_1467_4158f1b4,SauerlÃƒ?Ã‚Â¤nder
res_partner_1596_8058205b,Saul Bellow
res_partner_755_eb149cea,Saunders College Publishing
res_partner_1729_e21e03ee,Scarlet Books
res_partner_316_c90c0a97,Schiller
res_partner_761_93a081b9,Schocken Books
res_partner_89_457a0835,Scholastic
res_partner_860_a48bc245,Scholastic Inc
res_partner_1122_08fe3c20,Scholastic Paperbacks
res_partner_470_1a37d973,Scholastic Paperbacks (Mm)
res_partner_1556_17bfcdbd,Scholastic Point
res_partner_1554_e8dea93e,Scholastic Press
res_partner_842_c6b74355,"Scholastic, Inc."
res_partner_573_414c3f44,Scott
res_partner_1725_365bd445,Scott Ciencin
res_partner_1720_f584c57c,Scott O'Dell
res_partner_932_25ed8308,Scott Spencer
res_partner_56_a1ae95a8,Scott Turow
res_partner_1900_9b655eb8,Scott Walker
res_partner_59_7e0ff705,Scribner
res_partner_540_279ba422,Scribner Paper Fiction
res_partner_1698_892381c0,Sebastian Faulks
res_partner_456_51855e88,Sebastian Junger
res_partner_1791_e6756cf2,Sebastiano Vassalli
res_partner_1003_26db19f2,Seuil
res_partner_1834_7acd243d, Sewing Circle
res_partner_1326_14433234,Shambhala
res_partner_833_3b70ffc5,Shana Corey
res_partner_1349_e583ebb8,Shannon Olson
res_partner_1933_4da4a1c2,Sharon Creech
res_partner_1201_7eabdd28,Sharon Lamb
res_partner_866_5a366121,Sharyn McCrumb
res_partner_66_4214bc91,Sheila Heti
res_partner_1594_7faa8aa7,Sheila O'Connor
res_partner_1942_7d9b4452,Shel Arensen
res_partner_1307_bf460741,Shel Silverstein
res_partner_1116_c326bd93,Shelly R. Roberts
res_partner_1701_11e5b457,Sheri Holman
res_partner_1287_79165059,Sheri S. Tepper
res_partner_1342_d2668fd3,Sherry Garland
res_partner_1206_007887a0,Sherry Shahan
res_partner_2075_39366c66,Sherwood Kiraly
res_partner_1213_998c2c7d,Shirlee Busbee
res_partner_288_30c64ac8,Shirley Rousseau Murphy
res_partner_707_24e163f0,Sidney Sheldon
res_partner_428_6466fb69,Signet
res_partner_169_5a2f0c0c,Signet Book
res_partner_426_6df90f57,Signet Classics
res_partner_1399_e843a2f0,Sigrid Nunez
res_partner_581_a97b4ca1,Silhouette
res_partner_186_6f04524c,Simon &amp
res_partner_206_7d460e79,Simon Mawer
res_partner_642_738ba03f,Simon Nye
res_partner_305_21f00b6c,Simon Pulse
res_partner_1109_46a8a74e,Simon Schama
res_partner_696_2273659d,Simon Schuster Trade
res_partner_1202_2093c43d,Sir Arthur Conan Doyle
res_partner_1611_494b4fee,Skylark
res_partner_1646_8af313fe,Small Beer Press
res_partner_1411_993d7494,Smithmark Pub
res_partner_1784_8ce69920,Smithsonian Inst Pr
res_partner_674_d4d4799d,Soho Press
res_partner_1502_b3012b31,Sophie Kinsella
res_partner_272_c5dc49ff,Soren Kierkegaard
res_partner_984_fec6b7f1,Sourcebooks Landmark
res_partner_1025_2b411813,Southwater Publishing
res_partner_591_3c8d4d2a,Spalding Gray
res_partner_1600_3fa70708,Speak
res_partner_313_a3627837,Spectra
res_partner_460_00d3cade,Spectra Books
res_partner_145_c22eb09b,Speed Graphics
res_partner_886_cc4a461d,Spencer Johnson
res_partner_1996_ead51ac5, Spicy Cookbook
res_partner_1434_0a59e8a3,Spider Robinson
res_partner_791_35e016cb,St Martins Pr
res_partner_405_374922f8,St. Martin's Griffin
res_partner_858_dceddeaf,St. Martin's Minotaur
res_partner_489_f432c930,St. Martin's Paperbacks
res_partner_160_e8e9673e,St. Martin's Press
res_partner_1757_297d1478,Stan Berenstain
res_partner_1487_2c8a5705,Stan Lee
res_partner_897_ec87639c,Stanley Morison
res_partner_221_a1ce36b3,Star Trek
res_partner_474_4e04f636,Starfire
res_partner_2046_0cbffb25,Starscape Books
res_partner_1689_4354c6a2,State University of New York Press
res_partner_1157_6e03aced,Steeple Hill
res_partner_1218_399a7c10,Stefanie Scott
res_partner_1856_85fcb10d,Stefano Benni
res_partner_187_c12a51c8,Stel Pavlou
res_partner_952_560cb7ff,Sten Nadolny
res_partner_101_31ad21a3,Stephan Jaramillo
res_partner_2027_da9c5e62,Stephanie Coontz
res_partner_1703_439a179d,Stephanie Laurens
res_partner_647_69063cc5,Stephanie Maze
res_partner_1905_2c72af9d,Stephen Baxter
res_partner_1355_b3598720,Stephen Chbosky
res_partner_1610_65fe54d6,Stephen Coonts
res_partner_1134_1643e08d,Stephen Donaldson
res_partner_1679_b4b663e0,Stephen Fried
res_partner_1871_7a6e7d96,Stephen Gallagher
res_partner_1303_0cc7d56e,Stephen Gazi
res_partner_1529_8f003e03,Stephen Hill
res_partner_756_ea5f33c0,Stephen J. Weininger
res_partner_243_05301fe1,Stephen King
res_partner_469_71b8bfac,Stephen McCauley
res_partner_1452_9fb861e2,Stephen Quirke
res_partner_1388_4cffc39b,Stephen R Donaldson
res_partner_1387_987e1a38,Stephen R. Donaldson
res_partner_1979_0b3ab6d7,Stephen R. Lawhead
res_partner_1981_bb691fd6,Stephen White
res_partner_1322_f4a350f5,Sterling Publishing
res_partner_1774_81c3efa7,Steve Barlow
res_partner_1883_3de73b4a,Steve Lewis
res_partner_1579_8e4adacd,Steve Martin
res_partner_368_aa14111e,Steve Thayer
res_partner_348_52f72cd1, Stevie Marriner Novel
res_partner_294_0816ba2d,Stewart O'Nan
res_partner_1866_d84d4e5c,Stoddart Kids
res_partner_1072_bdbef75b,Stonewall Inn Editions
res_partner_1801_4d04ba34,Story Line Press
res_partner_228_587f2aee,Stuart Woods
res_partner_1328_4de044f5,Sue Grafton
res_partner_1286_bc39a1e6,Sue Miller
res_partner_527_6ca311d4,Sue Monk Kidd
res_partner_330_fadf1fed,Sue Townsend
res_partner_339_2b007f62,Suhrkamp
res_partner_147_fc7edb67,Sunflower Press
res_partner_1760_f133c6ff,Sunny Griffin
res_partner_1323_1a1cd2e4,Susan Bowes
res_partner_872_7e3d39f6,Susan Conant
res_partner_284_7b6d7119,Susan Grant
res_partner_1665_32fcc405,Susan Isaacs
res_partner_1623_369c56c6,Susan M. McIntosh
res_partner_2047_695fc87d,Susan Vreeland
res_partner_925_20a6bab1,Susan Wiggs
res_partner_868_5fe8dac6,Suzanne Brockmann
res_partner_737_184d6274,Suzanne G. Farnham
res_partner_1616_97826494,Sven Regener
res_partner_1993_a41527c9,Sybex Inc
res_partner_1360_11e422d2,Sylvia Nasar
res_partner_876_de563f58,Sylvia Plath
res_partner_463_cc0e3ca2,T. Coraghessan Boyle
res_partner_807_1b3738a1,TAMI HOAG
res_partner_1589_f2351c9e,TERRY BROOKS
res_partner_1568_3af2d615,TESS GERRITSEN
res_partner_1721_5eb68f5e,THOMAS ROCKWELL
res_partner_679_32450816,TIM GAUTREAUX
res_partner_1314_61f440ec,TOM ROBBINS
res_partner_1991_1dcd35e2,Taiping Shangdi
res_partner_1075_09ba4396,Tamora Pierce
res_partner_1221_acbae46c,Tanith Lee
res_partner_423_b14a0d5c,Tanuja Desai Hidier
res_partner_1373_c1452bc9,Taschen Verlag
res_partner_779_35d1e92d,Tawni O'Dell
res_partner_1171_c642586d,Teamcom Books
res_partner_809_e9666f80,Ted Dekker
res_partner_415_215c04e2,Ted Hughes
res_partner_704_eeb47749,Ted L. Nancy
res_partner_923_1b60b9c0,Ted Mooney
res_partner_1160_7ed25962,Ten Speed Pr
res_partner_1231_baa8fe6a,Teresa Southwick
res_partner_1069_dd3fc95d,Terry Brooks
res_partner_1956_cca7e492,Terry McMillan
res_partner_395_b574d436,Terry Pratchett
res_partner_1320_ea82628b,The Lyons Press
res_partner_1559_48a78e33,The Medici Society Ltd
res_partner_82_7dc0a17b,The Onion
res_partner_487_a7236ce9,Theodore Beale
res_partner_1372_09f592f5,Thomas Brussig
res_partner_531_122316ea,Thomas Cahill
res_partner_767_d9a930f7,Thomas Dunne Books
res_partner_1446_40d91e90,Thomas Elsaesser
res_partner_1989_d22f7834,Thomas Gifford
res_partner_162_7926b66f,Thomas Hardy
res_partner_592_9a8d2788,Thomas Harris
res_partner_617_ec2378fb,Thomas Hauser
res_partner_171_5f2a063a,Thomas Nelson
res_partner_246_41e97576,Thomas Nelson Inc
res_partner_1651_3bc63c62,Thomas Nelson Publishers
res_partner_1148_f8156ba3, Thomas Pitt Novels (Paperback))
res_partner_1863_f8c081cb,Thomas Pynchon
res_partner_2001_37050c34,Thomson Texere
res_partner_827_5fb2204d,Thorndike Pr
res_partner_1865_22d1a7a4,Thorndike Press
res_partner_81_0abaf299,Three Rivers Press
res_partner_718_80d1bee2,Tilden H. Edwards
res_partner_710_131e5d45,Tim Dorsey
res_partner_930_031427ec,Tim Farrington
res_partner_134_66fa10cc,Tim Lahaye
res_partner_1418_11451086,Tim Powers
res_partner_1552_4c98771b,Time Warner Books UK
res_partner_1668_b344fe86,Times Books
res_partner_1290_be70c9c9,Tobias Wolff
res_partner_1514_c2240cd2,Tod Brewster
res_partner_1139_507d22e5,Todd Herzog
res_partner_248_fc84bf88,Tom Clancy
res_partner_1199_ff082546,Tom Mula
res_partner_1648_e09dc573,Tom Robbins
res_partner_450_ad3a108e,Tom Wolfe
res_partner_80_aa04f37e,Toni Morrison
res_partner_255_759378ea,Tony Hillerman
res_partner_985_48e7477f,Tony Parsons
res_partner_93_0119e22f,Too Far
res_partner_131_bb3fb3e6,Tor Books
res_partner_232_66ff98bb,Tor Books (Mm)
res_partner_289_d1ce5b57,Tor Fantasy
res_partner_438_1a5a856f,Touchstone
res_partner_1472_d96f6336,Tournier
res_partner_370_1e8840ec,Tracy Chevalier
res_partner_277_3f89ca11,Trafalgar Square
res_partner_1020_58069ccf,Trafalgar Square Books
res_partner_993_cf5a4e69,Travis Thrasher
res_partner_664_074c0cb2,Troll Communications Llc
res_partner_1416_74df0b45, Trouble: Stories of Black Women
res_partner_448_7e2e47b6,Trudy Suggs
res_partner_1442_1923adfe,Truman Capote
res_partner_1540_309b6dcd,Turner Pub
res_partner_219_da5f4906,Tusquets
res_partner_133_fd140fd8,Tyndale House Publishers
res_partner_1593_3aec2380,UMP
res_partner_1846_cb53691c,US
res_partner_1842_ec2b5e85,USCCB
res_partner_341_dca3f460,Ullstein Tb
res_partner_1523_ae54da8d,Umberto Eco
res_partner_1787_ae69c4a2,Univ of Nebraska Pr
res_partner_601_ebaddf34,University Press of America
res_partner_458_b92771b6,University of California Press
res_partner_1986_28009393,University of Minnesota Press
res_partner_379_c0013fc2,University of Nebraska Press
res_partner_1521_00f7f186,University of New Mexico Press
res_partner_1928_1ef79065,University of Queensland Pr (Australia)
res_partner_1584_71b42df0,University of Toronto Press
res_partner_1315_9784bca8,Ursula Hegi
res_partner_1169_f45e2da7,V. A Howard
res_partner_933_6ec3dd9b,V. S. Naipaul
res_partner_1528_2c0ad356,V.C. Andrews
res_partner_2015_ca64e080,V.K. Narayanan
res_partner_934_e611fd32,V.S. Naipaul
res_partner_1806_28e9cbf9,VICTOR HUGO
res_partner_1895_81e27103,VICTORIA SULLIVAN
res_partner_2082_8aa6566d,VIZ LLC
res_partner_979_253d293b,VLADIMIR NABOKOV
res_partner_1081_9de30721,VONDA MCINTYRE
res_partner_675_fa201ca9,Valerie Block
res_partner_1026_2c8af166,Valerie Ferguson
res_partner_166_8597d743,Valerie Frankel
res_partner_1317_7734c88c,Valerie Martin
res_partner_550_9352748f,Vance Havner
res_partner_989_31e0d070,Venise T. Berry
res_partner_1867_cbe36da8,Veronika Martenova Charles
res_partner_1713_a8c59fae,Veronique Vienne
res_partner_619_761caee0,VicenÃƒÂ§ Villatoro
res_partner_462_c73ca333,Viking Books
res_partner_494_1173acdf,Viking Children's Books
res_partner_433_95ddc070,Viking Juvenile
res_partner_719_dffc722e,Vikram Seth
res_partner_734_9e985958,Villard Books
res_partner_1795_7d235bea,Vincent Bugliosi
res_partner_1269_0217af93,Vinke
res_partner_214_0fcdbc3b,Vintage
res_partner_1661_5a18c631,Vintage Books
res_partner_388_6d11c7c2,Vintage Books USA
res_partner_1468_32d65e97,Virginia Allen Jensen
res_partner_2080_0306e607,Virginia Woolf
res_partner_1736_6bb72d5a,Viveca Carlysle
res_partner_1417_d12ed354,Vladimir Vladimirovich Nabokov
res_partner_2037_bd4f71d5, Volume II
res_partner_620_9f019807,VÃƒÂ­ctor Mora
res_partner_553_7eaf94a9,W Publishing Group
res_partner_466_de0a9765,W W Norton &amp
res_partner_1100_4f3705c6,W. Michael Gear
res_partner_1168_d7ffd5bc,W. Morrow
res_partner_49_e7b013ed,W. W. Norton &amp
res_partner_261_1e6f5a08,W.W. Norton &amp
res_partner_1197_928e7f3c,WALTER CRONKITE
res_partner_1249_06121529,WILLIAM GOLDMAN
res_partner_1304_dc6eb1e4,Wallace Stegner
res_partner_686_19dc0bde,Wally Lamb
res_partner_1170_822e4d95,Walter P. Wilson
res_partner_537_9b9334e7,Walter Wick
res_partner_209_5486b7d6,Warner Books
res_partner_239_95ff5bcd,Warner Books (Mm)
res_partner_364_cfcffb0e,Warner Vision
res_partner_903_ff15070b,Warren  Bennis
res_partner_552_8141d54c,Warren W. Wiersbe
res_partner_468_e64066dd,Washington Square Press
res_partner_1566_b0836550,WaterBrook Press
res_partner_763_00750d4c,Watson-Guptill Publications
res_partner_820_bb5df56c,Wayne W. Dyer
res_partner_2025_87799d94,Weiser Books
res_partner_1697_fe30453a,Wendy Holden
res_partner_418_71cc8add,Wendy Lamb Books
res_partner_1617_4d1c27b3,Wendy Leigh
res_partner_2044_7429ee11,Wendy Orr
res_partner_808_5b95aa95,WestBow Press
res_partner_742_45816c34,White Pine Press (NY)
res_partner_1660_5c604377,Whitney Otto
res_partner_803_aa3a4d9c,Wilbur Smith
res_partner_1638_f333b72b,Wilkie Collins
res_partner_299_ba636319,Willa Cather
res_partner_208_fbb42493,William Abrahams
res_partner_730_ee4e94fb,William Carlos Williams
res_partner_1908_79172325,William Carpenter
res_partner_812_a3efb36f,William Eisner
res_partner_1433_66108f4f,William Forstchen
res_partner_1888_f58b4b3e,William Gerald Golding
res_partner_1500_ddea5d25,William Gibson
res_partner_2089_d93d64b8,William Hoffman
res_partner_1329_fd188cb8,William J. Kennedy
res_partner_1889_427da8bd,William J. Mann
res_partner_1794_0526b145,William Kotzwinkle
res_partner_1182_6785cf24,William Maples
res_partner_417_3db448b9,William Morrow
res_partner_976_085ffb3d,William Morrow &amp
res_partner_1669_a87048a0,William Safire
res_partner_580_8710aacc,William Shakespeare
res_partner_566_218fb5ef,William Sleator
res_partner_1456_f91f1316,William Sutcliffe
res_partner_1300_6541c6c1,William Trevor
res_partner_2073_b2785eac,Wilson
res_partner_1048_083456f7,Windstorm Creative
res_partner_783_58441786,Winedale Publishing
res_partner_1096_455891cf,Wings
res_partner_660_cca35384,Wizards of the Coast
res_partner_1365_6187c651,Wolfgang Hohlbein
res_partner_1164_5259be44,Word Publishing
res_partner_1812_f3b63b3b,Workman Pub Co
res_partner_1297_5b11c048,Workman Pub. Co
res_partner_1480_2044c7c3,Workman Publishing
res_partner_2062_3f38bb2b,Writer's Digest Books
res_partner_559_9c46ffa1,YWAM Publishing
res_partner_387_3479b0ed,Yann Martel
res_partner_837_fd1cc178,Yearling
res_partner_1242_30fa5a7b,Yearling Books
res_partner_1325_7bbf1bf2,Zadie Smith
res_partner_829_a278316a,Zebra Books
res_partner_1447_61f4fcf7,Zondervan
res_partner_1449_0779b625,Zondervan Publishing Company
res_partner_1947_7361163d,Zondervan Publishing House
res_partner_1545_73dfc823,Zora Neale Hurston
res_partner_964_9c09ed4a,btb
res_partner_1662_ee06da6e, the City
res_partner_1952_b6928d51,various authors
